Symbol,Name,Last Sale,Net Change,% Change,Market Cap,Country,IPO Year,Volume,Sector,Industry
AAOI,Applied Optoelectronics Inc. Common Stock,$7.58,0.36,4.986%,202382566.00,United States,2013,1067091,Technology,Semiconductors
AAPL,Apple Inc. Common Stock,$130.21,0.69,0.533%,2257495041400.00,United States,1980,78891430,Technology,Computer Manufacturing
ABM,ABM Industries Incorporated Common Stock,$52.81,0.53,1.014%,3543006846.00,United States,,241930,Technology,Diversified Commercial Services
ACEV,ACE Convergence Acquisition Corp. Class A Ordinary Shares,$10.04,0.05,0.501%,288650000.00,United States,2020,189197,Technology,Semiconductors
ACEVU,ACE Convergence Acquisition Corp. Unit,$11.00,0.04,0.365%,0.00,United States,2020,1606,Technology,Semiconductors
ACEVW,ACE Convergence Acquisition Corp. Warrant,$1.95,0.00,0.00%,0.00,United States,2020,41271,Technology,Semiconductors
ACIW,ACI Worldwide Inc. Common Stock,$38.33,0.77,2.05%,4528019453.00,United States,,508680,Technology,EDP Services
ACLS,Axcelis Technologies Inc. Common Stock,$41.02,0.75,1.862%,1385432410.00,United States,2000,144750,Technology,Industrial Machinery/Components
ACMR,ACM Research Inc. Class A Common Stock,$76.07,0.76,1.009%,1447827682.00,United States,2017,251747,Technology,Industrial Machinery/Components
ACVA,ACV Auctions Inc. Class A Common Stock,$33.08,0.08,0.242%,5099317164.00,United States,2021,371069,Technology,EDP Services
ACY,AeroCentury Corp. Common Stock,$7.82,-0.58,-6.905%,12088813.00,United States,,171189,Technology,Diversified Commercial Services
ADBE,Adobe Inc. Common Stock,$488.73,5.12,1.059%,233612940000.00,United States,1986,1632328,Technology,Computer Software: Prepackaged Software
ADI,Analog Devices Inc. Common Stock,$157.26,1.84,1.184%,58092404160.00,United States,,2706544,Technology,Semiconductors
ADSK,Autodesk Inc. Common Stock,$285.76,1.41,0.496%,62885188306.00,United States,,799591,Technology,Computer Software: Prepackaged Software
ADV,Advantage Solutions Inc. Class A Common Stock,$12.96,0.00,0.00%,4127111559.00,United States,2019,256881,Technology,Advertising
ADVWW,Advantage Solutions Inc. Warrant,$3.56,-0.02,-0.559%,0.00,United States,2019,21595,Technology,Advertising
AEYE,AudioEye Inc. Common Stock,$20.34,-0.75,-3.556%,218413239.00,United States,,100325,Technology,EDP Services
AFRM,Affirm Holdings Inc. Class A Common Stock,$54.00,-0.44,-0.808%,13900002354.00,United States,2021,3327261,Technology,EDP Services
AGYS,Agilysys Inc. Common Stock,$52.15,0.90,1.756%,1232698337.00,United States,,76486,Technology,Computer Software: Prepackaged Software
AIRG,Airgain Inc. Common Stock,$21.51,-0.95,-4.23%,215156915.00,United States,2016,97279,Technology,Radio And Television Broadcasting And Communications Equipment
AL,Air Lease Corporation Class A Common Stock,$44.15,-4.67,-9.566%,5037111557.00,United States,2011,2232616,Technology,Diversified Commercial Services
ALF,ALFI Inc. Common Stock,$3.70,0.09,2.493%,40937351.00,United States,2021,8310903,Technology,EDP Services
ALGM,Allegro MicroSystems Inc. Common Stock,$24.79,-0.06,-0.241%,4696062514.00,United States,2020,459055,Technology,Semiconductors
ALKT,Alkami Technology Inc. Common Stock,$38.65,-3.28,-7.823%,3247969949.00,United States,2021,325482,Technology,EDP Services
ALOT,AstroNova Inc. Common Stock,$15.10,-0.82,-5.151%,108915953.00,United States,1983,28987,Technology,Computer peripheral equipment
ALRM,Alarm.com Holdings Inc. Common Stock,$85.07,1.01,1.202%,4232932541.00,United States,2015,245677,Technology,Computer Software: Prepackaged Software
ALTR,Altair Engineering Inc. Class A Common Stock,$65.85,0.90,1.386%,4940236366.00,United States,2017,662190,Technology,Computer Software: Prepackaged Software
AMBA,Ambarella Inc. Ordinary Shares,$92.66,2.05,2.262%,3360139217.00,United States,2012,212038,Technology,Semiconductors
AMD,Advanced Micro Devices Inc. Common Stock,$78.81,0.92,1.181%,95755803119.00,United States,,36931601,Technology,Semiconductors
AMKR,Amkor Technology Inc. Common Stock,$20.23,0.35,1.761%,4939837202.00,United States,1998,1209275,Technology,Semiconductors
AMST,Amesite Inc. Common Stock,$2.70,0.09,3.448%,55446617.00,United States,2020,88984,Technology,Computer Software: Prepackaged Software
AMSWA,American Software Inc. Class A Common Stock,$20.29,0.09,0.446%,663643798.00,United States,,46651,Technology,Computer Software: Prepackaged Software
AMWL,American Well Corporation Class A Common Stock,$13.93,0.31,2.276%,3349194427.00,United States,2020,2316231,Technology,Retail: Computer Software & Peripheral Equipment
ANGI,Angi Inc. Class A Common Stock,$13.58,-0.46,-3.276%,6846991743.00,United States,,4038796,Technology,EDP Services
ANSS,ANSYS Inc. Common Stock,$332.38,-0.28,-0.084%,28967439834.00,United States,1996,605939,Technology,Computer Software: Prepackaged Software
APP,Applovin Corporation Class A Common Stock,$57.26,0.33,0.58%,20496520993.00,United States,2021,552593,Technology,EDP Services
APPF,AppFolio Inc. Class A Common Stock,$130.24,-0.58,-0.443%,4487203392.00,United States,2015,138153,Technology,EDP Services
APPN,Appian Corporation Class A Common Stock,$88.27,-10.66,-10.775%,6252481254.00,United States,2017,2966842,Technology,EDP Services
APPS,Digital Turbine Inc. Common Stock,$65.10,3.87,6.32%,5820825751.00,United States,,3670764,Technology,Computer Software: Prepackaged Software
ARRY,Array Technologies Inc. Common Stock,$25.36,0.01,0.039%,3220579683.00,United States,2020,1568569,Technology,Semiconductors
ARW,Arrow Electronics Inc. Common Stock,$117.50,3.20,2.80%,8704085923.00,United States,,578638,Technology,Electronic Components
ASGN,ASGN Incorporated Common Stock,$107.04,2.70,2.588%,5694305464.00,United States,1992,272581,Technology,Diversified Commercial Services
ASUR,Asure Software Inc Common Stock,$8.27,0.17,2.099%,157332789.00,United States,,65669,Technology,EDP Services
ASYS,Amtech Systems Inc. Common Stock,$9.84,-0.16,-1.60%,139148640.00,United States,,160852,Technology,Semiconductors
ATKR,Atkore Inc. Common Stock,$89.11,2.42,2.792%,4186770706.00,United States,2016,537402,Technology,Electrical Products
ATOM,Atomera Incorporated Common Stock,$15.70,0.16,1.03%,361523900.00,United States,2016,361340,Technology,Semiconductors
ATVI,Activision Blizzard Inc. Common Stock,$94.80,1.77,1.903%,73661188753.00,United States,,6511443,Technology,Computer Software: Prepackaged Software
AUUD,Auddia Inc. Common Stock,$2.67,-0.08,-2.909%,30149183.00,United States,2021,3895,Technology,Computer Software: Prepackaged Software
AUUDW,Auddia Inc. Warrants,$0.5488,0.00,0.00%,0.00,United States,2021,1,Technology,Computer Software: Prepackaged Software
AVCT,American Virtual Cloud Technologies Inc. Common Stock ,$6.52,0.15,2.355%,128025612.00,United States,2017,13088,Technology,EDP Services
AVGO,Broadcom Inc. Common Stock,$452.58,4.00,0.892%,184789466701.00,United States,2009,1170354,Technology,Semiconductors
AVGOP,Broadcom Inc. 8.00% Mandatory Convertible Preferred Stock Series A,$1444.4254,14.8854,1.041%,0.00,United States,,1860,Technology,Semiconductors
AVID,Avid Technology Inc. Common Stock,$29.94,2.35,8.518%,1347347874.00,United States,1993,1678930,Technology,Computer Software: Prepackaged Software
AVLR,Avalara Inc. Common Stock,$125.63,1.55,1.249%,10804648223.00,United States,2018,1970655,Technology,EDP Services
AVT,Avnet Inc. Common Stock,$44.75,1.25,2.874%,4452716693.00,United States,,1413760,Technology,Electronic Components
AWRE,Aware Inc. Common Stock,$3.52,0.20,6.024%,75659711.00,United States,1996,44773,Technology,EDP Services
AXTI,AXT Inc Common Stock,$9.66,0.15,1.577%,407520073.00,United States,1998,344993,Technology,Semiconductors
AYX,Alteryx Inc. Class A Common Stock,$77.96,0.24,0.309%,5233404750.00,United States,2017,899284,Technology,Computer Software: Prepackaged Software
AZPN,Aspen Technology Inc. Common Stock,$127.07,-1.15,-0.897%,8642656393.00,United States,1994,349383,Technology,EDP Services
BAND,Bandwidth Inc. Class A Common Stock,$125.66,3.68,3.017%,3151310276.00,United States,2017,490801,Technology,Computer Software: Prepackaged Software
BBSI,Barrett Business Services Inc. Common Stock,$78.40,1.66,2.163%,592245360.00,United States,1993,45459,Technology,Professional Services
BCOV,Brightcove Inc. Common Stock,$14.09,0.04,0.285%,568515874.00,United States,2012,270558,Technology,EDP Services
BEEM,Beam Global Common Stock,$31.12,1.99,6.831%,275911787.00,United States,,334466,Technology,Semiconductors
BGSF,BGSF Inc. Common Stock,$13.12,-0.37,-2.743%,135607940.00,United States,,93069,Technology,Diversified Commercial Services
BHE,Benchmark Electronics Inc. Common Stock,$30.82,0.33,1.082%,1116586132.00,United States,,177982,Technology,Electrical Products
BIGC,BigCommerce Holdings Inc. Series 1 Common Stock,$48.43,0.66,1.382%,3543631382.00,United States,2020,887985,Technology,Computer Software: Prepackaged Software
BKTI,BK Technologies Corporation Common Stock,$4.61,0.17,3.829%,57793131.00,United States,,12181,Technology,Radio And Television Broadcasting And Communications Equipment
BL,BlackLine Inc. Common Stock,$107.47,3.82,3.685%,6237366751.00,United States,2016,625100,Technology,Computer Software: Prepackaged Software
BLIN,Bridgeline Digital Inc. Common Stock,$2.39,0.02,0.844%,12769617.00,United States,,175064,Technology,EDP Services
BLKB,Blackbaud Inc. Common Stock,$67.03,-0.08,-0.119%,3272336967.00,United States,2004,175381,Technology,Computer Software: Prepackaged Software
BMBL,Bumble Inc. Class A Common Stock,$57.99,2.28,4.093%,6688771073.00,United States,2021,940194,Technology,Computer Software: Prepackaged Software
BNFT,Benefitfocus Inc. Common Stock,$13.71,-0.02,-0.146%,450155552.00,United States,2013,585212,Technology,Computer Software: Prepackaged Software
BOMN,Boston Omaha Corporation Class A Common Stock,$27.96,0.49,1.784%,826948175.00,United States,,92325,Technology,Advertising
BOX,Box Inc. Class A Common Stock,$21.16,0.42,2.025%,3442113747.00,United States,2015,1453867,Technology,Computer Software: Prepackaged Software
BRKS,Brooks Automation Inc.,$99.17,4.53,4.787%,7360409400.00,United States,1995,1038278,Technology,Industrial Machinery/Components
BSQR,BSQUARE Corporation Common Stock,$2.50,0.00,0.00%,33517573.00,United States,1999,1662753,Technology,Computer Software: Prepackaged Software
BSY,Bentley Systems Incorporated Class B Common Stock,$48.47,0.12,0.248%,13358323518.00,United States,2020,735465,Technology,Retail: Computer Software & Peripheral Equipment
BTRS,BTRS Holdings Inc. Class 1 Common Stock,$14.70,-0.11,-0.743%,2299519530.00,United States,2019,486215,Technology,EDP Services
CACI,CACI International Inc. Class A Common Stock,$264.31,2.60,0.993%,6224692389.00,United States,,157408,Technology,EDP Services
CAI,CAI International Inc. Common Stock,$44.35,0.59,1.348%,767437323.00,United States,,115797,Technology,Diversified Commercial Services
CALX,Calix Inc Common Stock,$48.00,1.67,3.605%,3016968912.00,United States,2010,1338721,Technology,Computer Software: Prepackaged Software
CASA,Casa Systems Inc. Common Stock,$8.47,0.22,2.667%,717977888.00,United States,2017,436896,Technology,Radio And Television Broadcasting And Communications Equipment
CCMP,CMC Materials Inc. Common Stock,$166.49,7.39,4.645%,4855970043.00,United States,2000,271613,Technology,Semiconductors
CCO,Clear Channel Outdoor Holdings Inc. Common Stock,$2.56,0.09,3.644%,1197719204.00,United States,2005,2889647,Technology,Advertising
CCRN,Cross Country Healthcare Inc. Common Stock $0.0001 Par Value,$16.90,0.79,4.904%,633961977.00,United States,2001,444221,Technology,Professional Services
CDAY,Ceridian HCM Holding Inc. Common Stock,$87.40,-1.41,-1.588%,12828202385.00,United States,2018,1224931,Technology,EDP Services
CDK,CDK Global Inc. Common Stock,$53.43,-1.10,-2.017%,6505413623.00,United States,,913882,Technology,Retail: Computer Software & Peripheral Equipment
CDLX,Cardlytics Inc. Common Stock,$100.69,-0.58,-0.573%,3310292193.00,United States,2018,769733,Technology,EDP Services
CDNS,Cadence Design Systems Inc. Common Stock,$129.05,2.15,1.694%,35910098250.00,United States,,1613175,Technology,Computer Software: Prepackaged Software
CDW,CDW Corporation Common Stock,$174.87,2.27,1.315%,24573413169.00,United States,2013,784459,Technology,EDP Services
CETX,Cemtrex Inc. Common Stock,$1.39,-0.03,-2.113%,24975766.00,United States,,1813989,Technology,EDP Services
CETXP,Cemtrex Inc. Series 1 Preferred Stock,$2.4168,0.0131,0.545%,0.00,United States,,2414,Technology,EDP Services
CEVA,CEVA Inc. Common Stock,$52.16,0.79,1.538%,1189826454.00,United States,,150759,Technology,Semiconductors
CLGX,CoreLogic Inc. Common Stock,$79.50,-0.11,-0.138%,5852669319.00,United States,,3080410,Technology,EDP Services
CLIR,ClearSign Technologies Corporation Common Stock,$4.42,0.20,4.739%,136580802.00,United States,2012,125694,Technology,Industrial Machinery/Components
CLRO,ClearOne Inc. (DE) Common Stock,$2.37,0.07,3.043%,44498582.00,United States,,22837,Technology,Radio And Television Broadcasting And Communications Equipment
CLSK,CleanSpark Inc. Common Stock,$19.30,1.07,5.869%,462506995.00,United States,,2435097,Technology,Computer Software: Prepackaged Software
CMTL,Comtech Telecommunications Corp. Common Stock,$23.84,0.30,1.274%,621119827.00,United States,,104053,Technology,Radio And Television Broadcasting And Communications Equipment
CNDT,Conduent Incorporated Common Stock ,$7.52,0.21,2.873%,1597162422.00,United States,,1914299,Technology,Retail: Computer Software & Peripheral Equipment
CNXC,Concentrix Corporation Common Stock,$157.99,2.97,1.916%,8223834511.00,United States,,109143,Technology,Computer Software: Prepackaged Software
CNXN,PC Connection Inc. Common Stock,$47.02,-1.72,-3.529%,1230741165.00,United States,,133179,Technology,Retail: Computer Software & Peripheral Equipment
COIN,Coinbase Global Inc. Class A Common Stock,$263.70,6.94,2.703%,52529040000.00,United States,,4237021,Technology,EDP Services
COMM,CommScope Holding Company Inc. Common Stock,$18.38,1.17,6.798%,3738450094.00,United States,2013,8887119,Technology,Radio And Television Broadcasting And Communications Equipment
COUP,Coupa Software Incorporated Common Stock,$237.84,2.94,1.252%,17457677905.00,United States,2016,920631,Technology,Computer Software: Prepackaged Software
CPSI,Computer Programs and Systems Inc. Common Stock,$31.21,0.53,1.728%,457443940.00,United States,2002,32988,Technology,EDP Services
CREE,Cree Inc. Common Stock,$95.68,1.53,1.625%,11048243369.00,United States,1993,1085666,Technology,Semiconductors
CREX,Creative Realities Inc. Common Stock,$1.23,0.07,6.034%,14444710.00,United States,,97762,Technology,EDP Services
CRM,Salesforce.com Inc Common Stock,$216.50,-1.55,-0.711%,199663388860.00,United States,2004,5773775,Technology,Computer Software: Prepackaged Software
CRNC,Cerence Inc. Common Stock,$89.42,0.65,0.732%,3372270349.00,United States,,355500,Technology,EDP Services
CRSR,Corsair Gaming Inc. Common Stock,$33.69,0.91,2.776%,3105794955.00,United States,2020,1474338,Technology,Computer Manufacturing
CRUS,Cirrus Logic Inc. Common Stock,$76.60,0.25,0.327%,4446250294.00,United States,1989,645262,Technology,Semiconductors
CRWD,CrowdStrike Holdings Inc. Class A Common Stock,$189.18,2.11,1.128%,42352905002.00,United States,2019,3180409,Technology,EDP Services
CSCO,Cisco Systems Inc. Common Stock (DE),$53.43,0.99,1.888%,225570001776.00,United States,1990,24142925,Technology,Computer peripheral equipment
CSGS,CSG Systems International Inc. Common Stock,$45.49,-0.26,-0.568%,1499648814.00,United States,1996,88109,Technology,EDP Services
CSOD,Cornerstone OnDemand Inc. Common Stock,$42.25,0.33,0.787%,2796071242.00,United States,2011,654208,Technology,Computer Software: Prepackaged Software
CSPI,CSP Inc. Common Stock,$8.65,-0.03,-0.346%,37834806.00,United States,1982,7086,Technology,EDP Services
CTEK,CynergisTek Inc. Common Stock,$1.82,0.06,3.409%,22059670.00,United States,2017,116574,Technology,Retail: Computer Software & Peripheral Equipment
CTG,Computer Task Group Inc. Common Stock,$10.11,-0.13,-1.27%,153599663.00,United States,,98010,Technology,EDP Services
CTSH,Cognizant Technology Solutions Corporation Class A Common Stock,$74.815,-0.305,-0.406%,39542138563.00,United States,1998,5373908,Technology,EDP Services
CTXS,Citrix Systems Inc. Common Stock,$121.03,-0.66,-0.542%,15027582838.00,United States,1995,1009555,Technology,Computer Software: Prepackaged Software
CUEN,Cuentas Inc. Common Stock,$2.8438,0.0638,2.295%,39300181.00,United States,,7198,Technology,Computer Software: Prepackaged Software
CVLT,Commvault Systems Inc. Common Stock,$68.15,0.59,0.873%,3202887530.00,United States,2006,334020,Technology,Computer Software: Prepackaged Software
CVV,CVD Equipment Corporation Common Stock,$5.11,0.45,9.657%,34143901.00,United States,,40688,Technology,Industrial Machinery/Components
CXDO,Crexendo Inc. Common Stock,$5.375,0.065,1.224%,99032284.00,United States,,21158,Technology,EDP Services
CYRN,CYREN Ltd. Ordinary Shares,$0.6079,0.018,3.051%,45556351.00,United States,,392338,Technology,Computer Software: Prepackaged Software
DBD,Diebold Nixdorf Incorporated Common Stock,$13.69,-1.25,-8.367%,1070262159.00,United States,,1798512,Technology,EDP Services
DBX,Dropbox Inc. Class A Common Stock,$24.70,0.17,0.693%,9950612854.00,United States,2018,9500876,Technology,Computer Software: Prepackaged Software
DCT,Duck Creek Technologies Inc. Common Stock,$38.57,0.72,1.902%,5075385493.00,United States,2020,395574,Technology,Retail: Computer Software & Peripheral Equipment
DDD,3D Systems Corporation Common Stock,$19.21,0.79,4.289%,2399267951.00,United States,,2569615,Technology,Computer peripheral equipment
DDOG,Datadog Inc. Class A Common Stock,$77.29,5.93,8.31%,23831923914.00,United States,2019,6989448,Technology,EDP Services
DGII,Digi International Inc. Common Stock,$17.87,0.36,2.056%,593450298.00,United States,1989,506145,Technology,Computer peripheral equipment
DHX,DHI Group Inc. Common Stock,$3.10,0.08,2.649%,162245760.00,United States,2007,272400,Technology,Diversified Commercial Services
DIOD,Diodes Incorporated Common Stock,$74.56,2.23,3.083%,3325375404.00,United States,,489245,Technology,Semiconductors
DLB,Dolby Laboratories Common Stock,$96.64,-0.24,-0.248%,9819876744.00,United States,2005,534396,Technology,EDP Services
DLX,Deluxe Corporation Common Stock,$46.64,-0.18,-0.384%,1963556826.00,United States,,150945,Technology,Advertising
DMRC,Digimarc Corporation Common Stock,$30.61,0.16,0.525%,517762977.00,United States,,84341,Technology,EDP Services
DMS,Digital Media Solutions Inc. Class A Ordinary Shares,$11.42,0.39,3.536%,699830881.00,United States,2018,78688,Technology,Advertising
DNB,Dun & Bradstreet Holdings Inc. Common Stock,$22.58,-0.02,-0.088%,9741881940.00,United States,2020,2807092,Technology,EDP Services
DOCU,DocuSign Inc. Common Stock,$195.28,1.66,0.857%,37992918332.00,United States,2018,3283950,Technology,EDP Services
DOMO,Domo Inc. Class B Common Stock,$60.45,2.14,3.67%,1914379927.00,United States,2018,266188,Technology,Computer Software: Prepackaged Software
DSP,Viant Technology Inc. Class A Common Stock,$32.91,2.38,7.796%,1939569247.00,United States,2021,206489,Technology,EDP Services
DSPG,DSP Group Inc. Common Stock,$14.46,0.19,1.331%,350319268.00,United States,1994,337079,Technology,Semiconductors
DSS,Document Security Systems Inc. Common Stock,$2.83,0.03,1.071%,78306454.00,United States,,368187,Technology,EDP Services
DT,Dynatrace Inc. Common Stock,$46.78,0.52,1.124%,13219738104.00,United States,2019,1558947,Technology,EDP Services
DUOT,Duos Technologies Group Inc. Common Stock,$10.13,0.1883,1.894%,35799572.00,United States,,9503,Technology,Computer Software: Prepackaged Software
EA,Electronic Arts Inc. Common Stock,$142.42,1.08,0.764%,40963698765.00,United States,,1603841,Technology,Computer Software: Prepackaged Software
EB,Eventbrite Inc. Class A Common Stock,$22.07,1.54,7.501%,2065421480.00,United States,2018,2661927,Technology,EDP Services
EBIX,Ebix Inc. Common Stock,$30.43,0.28,0.929%,941591565.00,United States,,513856,Technology,EDP Services
ECOM          ,ChannelAdvisor Corporation Common Stock,$23.16,0.06,0.26%,688213342.00,United States,2013,255317,Technology,Computer Software: Prepackaged Software
EEFT,Euronet Worldwide Inc. Common Stock,$141.75,2.82,2.03%,7482387575.00,United States,1997,225798,Technology,EDP Services
EEX,Emerald Holding Inc. Common Stock,$5.05,0.06,1.202%,364981549.00,United States,2017,69681,Technology,Advertising
EFX,Equifax Inc. Common Stock,$239.56,2.40,1.012%,29155057129.00,United States,,753350,Technology,Advertising
EGAN,eGain Corporation Common Stock,$9.34,0.18,1.965%,290053849.00,United States,1999,70358,Technology,Computer Software: Prepackaged Software
EGHT,8x8 Inc Common Stock,$28.96,-0.46,-1.564%,3112805391.00,United States,,2666422,Technology,EDP Services
EMKR,EMCORE Corporation Common Stock,$7.28,1.03,16.48%,268181215.00,United States,1997,1713486,Technology,Semiconductors
ENTG,Entegris Inc. Common Stock,$114.71,3.41,3.064%,15543318792.00,United States,2000,867974,Technology,Semiconductors
ENV,Envestnet Inc Common Stock,$68.59,-2.12,-2.998%,3732043974.00,United States,2010,730936,Technology,EDP Services
EOSE,Eos Energy Enterprises Inc. Class A Common Stock,$11.46,-0.20,-1.715%,593642428.00,United States,,412001,Technology,Electronic Components
EOSEW,Eos Energy Enterprises Inc. Warrant,$3.86,-0.34,-8.095%,0.00,United States,,15440,Technology,Electronic Components
EPAM,EPAM Systems Inc. Common Stock,$460.20,1.82,0.397%,25952299745.00,United States,2012,412400,Technology,EDP Services
EPAY,Bottomline Technologies Inc. Common Stock,$38.68,0.53,1.389%,1741366289.00,United States,1999,235471,Technology,EDP Services
ERII,Energy Recovery Inc. Common Stock,$20.65,0.28,1.375%,1185774315.00,United States,2008,747870,Technology,Industrial Machinery/Components
ESTC,Elastic N.V. Ordinary Shares,$108.18,1.69,1.587%,9710755631.00,United States,2018,985195,Technology,Computer Software: Prepackaged Software
EVBG,Everbridge Inc. Common Stock,$114.34,0.755,0.665%,4299999587.00,United States,2016,683022,Technology,Retail: Computer Software & Peripheral Equipment
EVER,EverQuote Inc. Class A Common Stock,$31.90,0.60,1.917%,917894173.00,United States,2018,439755,Technology,EDP Services
EVOL,Evolving Systems Inc. Common Stock,$2.08,0.05,2.463%,25497023.00,United States,1998,72847,Technology,EDP Services
EVOP,EVO Payments Inc. Class A Common Stock,$28.62,0.43,1.525%,1186993693.00,United States,2018,213381,Technology,EDP Services
EXLS,ExlService Holdings Inc. Common Stock,$97.93,-0.27,-0.275%,3276508252.00,United States,2006,90504,Technology,Retail: Computer Software & Peripheral Equipment
EXTN,Exterran Corporation Common Stock,$3.76,-0.02,-0.529%,124590751.00,United States,2015,1385340,Technology,Diversified Commercial Services
FB,Facebook Inc. Class A Common Stock,$319.08,-0.94,-0.294%,904740119233.00,United States,2012,15912769,Technology,Internet and Information Services
FDS,FactSet Research Systems Inc. Common Stock,$337.05,-1.01,-0.299%,12758074573.00,United States,1996,220408,Technology,Advertising
FEYE,FireEye Inc. Common Stock,$19.31,0.23,1.205%,4604380211.00,United States,2013,2767915,Technology,Computer Software: Prepackaged Software
FFIV,F5 Networks Inc. Common Stock,$184.28,2.19,1.203%,11066382560.00,United States,1999,420171,Technology,EDP Services
FICO,Fair Isaac Corproation Common Stock,$496.17,1.96,0.397%,14278218099.00,United States,,101964,Technology,Computer Software: Prepackaged Software
FISV,Fiserv Inc. Common Stock,$117.65,-0.48,-0.406%,77857167792.00,United States,1986,3840065,Technology,EDP Services
FIVN,Five9 Inc. Common Stock,$170.14,2.89,1.728%,11406701635.00,United States,2014,622166,Technology,EDP Services
FLT,FleetCor Technologies Inc. Common Stock,$285.66,-0.79,-0.276%,23809635310.00,United States,2010,528194,Technology,EDP Services
FORA,Forian Inc. Common Stock,$11.00,0.06,0.548%,357973088.00,United States,,98086,Technology,Computer Software: Prepackaged Software
FORM,FormFactor Inc. FormFactor Inc. Common Stock,$38.69,0.43,1.124%,3003222921.00,United States,2003,293419,Technology,Semiconductors
FOUR,Shift4 Payments Inc. Class A Common Stock,$87.36,3.21,3.815%,7069545887.00,United States,2020,2209823,Technology,EDP Services
FROG,JFrog Ltd. Ordinary Shares,$35.91,-6.14,-14.602%,3356430170.00,United States,2020,4976209,Technology,Computer Software: Prepackaged Software
FSLR,First Solar Inc. Common Stock,$74.62,0.99,1.345%,7932988680.00,United States,2006,2129112,Technology,Semiconductors
FSRVW,FinServ Acquisition Corp. Warrant,$3.22,-0.03,-0.923%,0.00,United States,2019,9614,Technology,Diversified Commercial Services
FSS,Federal Signal Corporation Common Stock,$43.07,0.21,0.49%,2627589278.00,United States,,140891,Technology,Industrial Machinery/Components
FTAI,Fortress Transportation and Infrastructure Investors LLC Common Shares,$28.42,0.56,2.01%,2433626000.00,United States,2015,246508,Technology,Diversified Commercial Services
FTCI,FTC Solar Inc. Common Stock,$12.40,-0.40,-3.125%,1054747906.00,United States,2021,213814,Technology,Semiconductors
GBOX,Greenbox POS Common Stock,$9.80,0.32,3.376%,403614284.00,United States,,278885,Technology,EDP Services
GDDY,GoDaddy Inc. Class A Common Stock,$81.06,-0.13,-0.16%,13646929011.00,United States,2015,967843,Technology,EDP Services
GDOT,Green Dot Corporation Class A Common Stock $0.001 par value,$44.79,0.28,0.629%,2436083220.00,United States,2010,846849,Technology,Advertising
GDRX,GoodRx Holdings Inc. Class A Common Stock,$34.74,-0.34,-0.969%,13640952990.00,United States,2020,1082336,Technology,Retail: Computer Software & Peripheral Equipment
GDYN,Grid Dynamics Holdings Inc. Class A Common Stock,$15.39,0.99,6.875%,782444175.00,United States,2018,286695,Technology,EDP Services
GFN,General Finance Corporation General Finance Corporation Common Stock,$18.96,0.00,0.00%,573368431.00,United States,,579220,Technology,Diversified Commercial Services
GFNCP,General Finance Corporation Cumulative Redeemable Perpetual Preferred Series C,$101.684,-0.316,-0.31%,0.00,United States,,558,Technology,Diversified Commercial Services
GFNSZ,General Finance Corporation 7.875% Senior Notes due 2025,$27.833,0.00,0.00%,0.00,United States,,22,Technology,Diversified Commercial Services
GOOG,Alphabet Inc. Class C Capital Stock,$2398.69,17.34,0.728%,1607515188631.00,United States,2004,1163566,Technology,Internet and Information Services
GOOGL,Alphabet Inc. Class A Common Stock,$2351.93,14.58,0.624%,1576178329670.00,United States,,1444455,Technology,Internet and Information Services
GRPN,Groupon Inc. Common Stock,$49.76,0.82,1.676%,1447087827.00,United States,2011,2303235,Technology,Advertising
GSIT,GSI Technology Common Stock,$5.88,-0.10,-1.672%,139932022.00,United States,2007,131205,Technology,Semiconductors
GSKY,GreenSky Inc. Class A Common Stock,$6.54,0.03,0.461%,1206377844.00,United States,2018,2236663,Technology,EDP Services
GTLS,Chart Industries Inc. Common Stock,$160.14,4.22,2.707%,5820854235.00,United States,2006,204792,Technology,Electrical Products
GTYH,GTY Technology Holdings Inc. Common Stock,$5.16,0.49,10.493%,296672884.00,United States,2016,149537,Technology,Computer Software: Prepackaged Software
GVP,GSE Systems Inc. Common Stock,$1.30,-0.04,-2.985%,26828681.00,United States,,33384,Technology,Computer Software: Prepackaged Software
GWRE,Guidewire Software Inc. Common Stock,$98.70,0.57,0.581%,8265062100.00,United States,2012,632220,Technology,Computer Software: Prepackaged Software
HCKT,Hackett Group Inc (The). Common Stock,$16.79,0.43,2.628%,507669022.00,United States,,516696,Technology,Retail: Computer Software & Peripheral Equipment
HEES,H&E Equipment Services Inc. Common Stock,$39.97,0.28,0.705%,1443918608.00,United States,2006,398484,Technology,Engineering & Construction
HLIT,Harmonic Inc. Common Stock,$7.25,0.03,0.416%,732883527.00,United States,1995,882374,Technology,Radio And Television Broadcasting And Communications Equipment
HPQ,HP Inc. Common Stock,$35.57,0.59,1.687%,44341505728.00,United States,,6796390,Technology,Computer Manufacturing
HQI,HireQuest Inc. Common Stock (DE),$19.60,0.87,4.645%,267406054.00,United States,,10448,Technology,Diversified Commercial Services
HSII,Heidrick & Struggles International Inc. Common Stock,$42.23,-0.46,-1.078%,823431537.00,United States,1999,69276,Technology,Diversified Commercial Services
HSON,Hudson Global Inc. Common Stock,$18.52,0.34,1.87%,49773741.00,United States,,9208,Technology,Professional Services
HUBS,HubSpot Inc. Common Stock,$509.66,18.54,3.775%,23814258996.00,United States,2014,1151707,Technology,Computer Software: Prepackaged Software
IBM,International Business Machines Corporation Common Stock,$145.46,-2.96,-1.994%,129971830561.00,United States,,7002468,Technology,EDP Services
ICHR,Ichor Holdings Ordinary Shares,$55.24,1.06,1.956%,1550629556.00,United States,2016,148922,Technology,Semiconductors
IDEX,Ideanomics Inc. Common Stock,$2.64,-0.02,-0.752%,1106991072.00,United States,,8646064,Technology,EDP Services
IDN,Intellicheck Inc. Common Stock,$8.10,-0.19,-2.292%,150609432.00,United States,1999,309363,Technology,Retail: Computer Software & Peripheral Equipment
IEC,IEC Electronics Corp. Common Stock,$11.59,0.30,2.657%,122527255.00,United States,,56203,Technology,Electrical Products
IGC,India Globalization Capital Inc. Common Stock,$1.53,0.06,4.082%,69410474.00,United States,,800229,Technology,Engineering & Construction
III,Information Services Group Inc. Information Services Group Inc. Common Stock,$4.88,0.08,1.667%,236195128.00,United States,,382057,Technology,Retail: Computer Software & Peripheral Equipment
IIIV,i3 Verticals Inc. Class A Common Stock,$31.66,0.62,1.997%,1016792687.00,United States,2018,64508,Technology,EDP Services
IMMR,Immersion Corporation Common Stock,$7.90,-0.35,-4.242%,243850698.00,United States,1999,1358741,Technology,Computer peripheral equipment
IMXI,International Money Express Inc. Common Stock,$14.50,0.39,2.764%,554163262.00,United States,2017,749078,Technology,EDP Services
INOD,Innodata Inc. Common Stock,$6.71,0.20,3.072%,176451615.00,United States,1993,86289,Technology,EDP Services
INOV,Inovalon Holdings Inc. Class A Common Stock,$30.91,-0.01,-0.032%,4818660172.00,United States,2015,279768,Technology,EDP Services
INPX,Inpixon Common Stock,$1.07,0.02,1.905%,110136263.00,United States,2014,1840405,Technology,Computer Software: Prepackaged Software
INS,Intelligent Systems Corporation Common Stock,$37.25,0.45,1.223%,330867538.00,United States,1992,37429,Technology,Retail: Computer Software & Peripheral Equipment
INTC,Intel Corporation Common Stock,$57.67,0.48,0.839%,232871460000.00,United States,,19955074,Technology,Semiconductors
INTT,inTest Corporation Common Stock,$12.80,0.40,3.226%,136999117.00,United States,1997,57774,Technology,Semiconductors
INTU,Intuit Inc. Common Stock,$401.04,6.97,1.769%,109820745074.00,United States,1993,965535,Technology,Computer Software: Prepackaged Software
INUV,Inuvo Inc.,$0.7173,0.0107,1.514%,85011673.00,United States,,932049,Technology,Advertising
INVE,Identiv Inc. Common Stock,$15.63,1.43,10.07%,335127378.00,United States,,971256,Technology,Computer peripheral equipment
IPDN,Professional Diversity Network Inc. Common Stock,$1.60,0.01,0.629%,21544035.00,United States,2013,346250,Technology,EDP Services
IPG,Interpublic Group of Companies Inc. (The) Common Stock,$33.47,0.54,1.64%,13166282939.00,United States,,2621693,Technology,Advertising
IPGP,IPG Photonics Corporation Common Stock,$197.30,-0.03,-0.015%,10582873288.00,United States,2006,334712,Technology,Semiconductors
ISDR,Issuer Direct Corporation Common Stock,$27.81,0.12,0.433%,104731765.00,United States,,25888,Technology,EDP Services
ISIG,Insignia Systems Inc. Common Stock,$5.37,0.13,2.481%,9419141.00,United States,1991,29690,Technology,Advertising
ISUN,iSun Inc. Common Stock,$9.56,0.29,3.128%,86830220.00,United States,2016,70927,Technology,Semiconductors
IZEA,IZEA Worldwide Inc. Common Stock,$3.55,0.26,7.903%,209909335.00,United States,,1381551,Technology,Advertising
JAMF,Jamf Holding Corp. Common Stock,$32.99,0.25,0.764%,3882607451.00,United States,2020,682253,Technology,Computer Software: Prepackaged Software
JBL,Jabil Inc. Common Stock,$54.83,2.01,3.805%,8158592311.00,United States,1993,1047319,Technology,Electrical Products
JCOM,j2 Global Inc. Common Stock,$122.10,4.23,3.589%,5512749188.00,United States,1999,378772,Technology,Telecommunications Equipment
JKHY,Jack Henry & Associates Inc. Common Stock,$156.13,-2.34,-1.477%,11877944009.00,United States,1985,470356,Technology,Retail: Computer Software & Peripheral Equipment
JNPR,Juniper Networks Inc. Common Stock,$27.20,0.19,0.703%,8914531264.00,United States,1999,3998716,Technology,Computer peripheral equipment
JOB,GEE Group Inc. Common Stock,$0.5424,-0.033,-5.735%,54782647.00,United States,,12300066,Technology,Diversified Commercial Services
KAI,Kadant Inc Common Stock,$185.56,4.67,2.582%,2148372857.00,United States,,23046,Technology,Industrial Machinery/Components
KBNT,Kubient Inc. Common Stock,$5.66,0.01,0.177%,78524067.00,United States,2020,177054,Technology,EDP Services
KBNTW,Kubient Inc. Warrant,$2.25,0.00,0.00%,0.00,United States,2020,260,Technology,EDP Services
KELYA,Kelly Services Inc. Class A Common Stock,$26.51,0.00,0.00%,1041514303.00,United States,,126576,Technology,Diversified Commercial Services
KELYB,Kelly Services Inc. Class B Common Stock,$26.27,-0.38,-1.426%,1032085278.00,United States,,4113,Technology,Diversified Commercial Services
KFRC,Kforce Inc. Common Stock,$60.17,0.51,0.855%,1328976535.00,United States,1995,84111,Technology,Diversified Commercial Services
KFY,Korn Ferry Common Stock,$67.32,-0.84,-1.232%,3635735689.00,United States,1999,294125,Technology,Diversified Commercial Services
KLR,Kaleyra Inc. Common Stock,$12.28,-0.29,-2.307%,371945076.00,United States,2018,308792,Technology,Internet and Information Services
KNBE,KnowBe4 Inc. Class A Common Stock,$19.29,0.54,2.88%,3203575215.00,United States,2021,146809,Technology,Computer Software: Prepackaged Software
KTCC,Key Tronic Corporation Common Stock,$7.05,-0.05,-0.704%,75855744.00,United States,1983,54656,Technology,Computer peripheral equipment
KVHI,KVH Industries Inc. Common Stock,$14.00,0.07,0.503%,258796020.00,United States,1996,98792,Technology,Radio And Television Broadcasting And Communications Equipment
LASR,nLIGHT Inc. Common Stock,$27.02,0.99,3.803%,1156046323.00,United States,2018,360551,Technology,Semiconductors
LAZR,Luminar Technologies Inc.  Class A Common Stock,$20.84,1.22,6.218%,7079224940.00,United States,2019,2567097,Technology,EDP Services
LDL,Lydall Inc. Common Stock,$39.21,0.26,0.668%,706524794.00,United States,,45610,Technology,Industrial Machinery/Components
LDOS,Leidos Holdings Inc. Common Stock,$104.03,0.13,0.125%,14711939141.00,United States,,642188,Technology,EDP Services
LEAF,Leaf Group Ltd. Common Stock,$8.50,-0.04,-0.468%,305998181.00,United States,,576654,Technology,EDP Services
LFUS,Littelfuse Inc. Common Stock,$264.32,5.67,2.192%,6490438129.00,United States,,64297,Technology,Electronic Components
LITE,Lumentum Holdings Inc. Common Stock,$82.93,1.54,1.892%,6277801000.00,United States,,837120,Technology,Computer peripheral equipment
LOGI,Logitech International S.A. Ordinary Shares,$114.56,2.69,2.405%,19281249920.00,United States,1997,920478,Technology,Computer peripheral equipment
LPSN,LivePerson Inc. Common Stock,$51.74,1.23,2.435%,3563130100.00,United States,2000,687759,Technology,EDP Services
LRCX,Lam Research Corporation Common Stock,$630.54,13.10,2.122%,89927202427.00,United States,1984,1033537,Technology,Industrial Machinery/Components
LSCC,Lattice Semiconductor Corporation Common Stock,$50.55,1.03,2.08%,6892428049.00,United States,,1523873,Technology,Semiconductors
LYFT,Lyft Inc. Class A Common Stock,$50.07,0.27,0.542%,16490460969.00,United States,2019,7760286,Technology,EDP Services
MAN,ManpowerGroup Common Stock,$122.72,-0.49,-0.398%,6742995578.00,United States,,255731,Technology,Professional Services
MANH,Manhattan Associates Inc. Common Stock,$132.86,0.78,0.591%,8452202582.00,United States,1998,493671,Technology,Computer Software: Prepackaged Software
MANT,ManTech International Corporation Common Stock $0.01 Par Value,$83.61,-0.25,-0.298%,3394192096.00,United States,2002,150950,Technology,EDP Services
MCFE,McAfee Corp. Class A Common Stock,$22.91,-0.18,-0.78%,9838861268.00,United States,2020,1418395,Technology,Computer Software: Prepackaged Software
MCHP,Microchip Technology Incorporated Common Stock,$149.75,3.24,2.211%,40321986447.00,United States,1993,2442388,Technology,Semiconductors
MCO,Moody's Corporation Common Stock,$334.50,4.90,1.487%,62618400000.00,United States,,678076,Technology,Advertising
MDB,MongoDB Inc. Class A Common Stock,$260.32,3.70,1.442%,15928051718.00,United States,2017,963229,Technology,Retail: Computer Software & Peripheral Equipment
MDLA,Medallia Inc. Common Stock,$26.49,0.31,1.184%,4161820244.00,United States,2019,511435,Technology,EDP Services
MDRX,Allscripts Healthcare Solutions Inc. Common Stock,$16.23,0.35,2.204%,2291110644.00,United States,,1089581,Technology,EDP Services
MGNI,Magnite Inc. Common Stock,$35.84,3.60,11.166%,4585527834.00,United States,,3124988,Technology,Advertising
MGRC,McGrath RentCorp Common Stock,$82.96,0.91,1.109%,2009151827.00,United States,1984,34574,Technology,Diversified Commercial Services
MICT,MICT Inc. Common Stock,$1.59,-0.02,-1.242%,181542944.00,United States,,1369030,Technology,EDP Peripherals
MITK,Mitek Systems Inc. Common Stock,$16.00,0.75,4.918%,688839648.00,United States,,630362,Technology,Computer Software: Prepackaged Software
MODN,Model N Inc. Common Stock,$38.09,0.13,0.342%,1335029361.00,United States,2013,296379,Technology,EDP Services
MORN,Morningstar Inc. Common Stock,$262.10,0.82,0.314%,11256142406.00,United States,2005,64845,Technology,Advertising
MOSY,MoSys Inc. Common Stock,$3.28,-0.62,-15.897%,20118598.00,United States,2001,2074934,Technology,Semiconductors
MPWR,Monolithic Power Systems Inc. Common Stock,$342.79,9.41,2.823%,15678186230.00,United States,2004,295516,Technology,Semiconductors
MRAM,Everspin Technologies Inc. Common Stock,$5.22,0.36,7.407%,100320340.00,United States,2016,157466,Technology,Electronic Components
MRIN,Marin Software Incorporated Common Stock,$1.59,0.08,5.298%,17438052.00,United States,,282431,Technology,Computer Software: Prepackaged Software
MSCI,MSCI Inc Common Stock,$482.31,6.40,1.345%,39753266875.00,United States,,204813,Technology,Advertising
MSFT,Microsoft Corporation Common Stock,$252.46,2.73,1.093%,1901421311145.00,United States,1986,27009992,Technology,Computer Software: Prepackaged Software
MSI,Motorola Solutions Inc. Common Stock,$199.07,11.04,5.871%,33713560367.00,United States,,1440963,Technology,Radio And Television Broadcasting And Communications Equipment
MSP,Datto Holding Corp. Common Stock,$25.29,1.26,5.243%,4073653541.00,United States,2020,190367,Technology,Computer Software: Prepackaged Software
MSTR,MicroStrategy Incorporated Common Stock Class A,$620.46,11.38,1.868%,6046750633.00,United States,1998,363429,Technology,Computer Software: Prepackaged Software
MTSI,MACOM Technology Solutions Holdings Inc. Common Stock,$56.14,1.82,3.351%,3855098769.00,United States,2012,353132,Technology,Semiconductors
MU,Micron Technology Inc. Common Stock,$85.98,1.18,1.392%,96419309935.00,United States,,12741887,Technology,Semiconductors
MXIM,Maxim Integrated Products Inc. Common Stock,$96.58,1.30,1.364%,25918561703.00,United States,1988,2658423,Technology,Semiconductors
MXL,MaxLinear Inc. Common Stock,$36.32,1.78,5.153%,2737729396.00,United States,2010,439829,Technology,Semiconductors
NATI,National Instruments Corporation Common Stock,$40.45,0.28,0.697%,5323504606.00,United States,1995,357541,Technology,Computer Software: Prepackaged Software
NCMI,National CineMedia Inc. Common Stock,$4.38,0.06,1.389%,347549299.00,United States,2007,503331,Technology,Advertising
NCNO,nCino Inc. Common Stock,$56.55,0.08,0.142%,5336481107.00,United States,2020,822537,Technology,Computer Software: Prepackaged Software
NET,Cloudflare Inc. Class A Common Stock,$71.62,2.55,3.692%,22243819743.00,United States,2019,7154126,Technology,EDP Services
NETE,Net Element Inc. Common Stock,$9.79,0.21,2.192%,50988630.00,United States,,86538,Technology,EDP Services
NEWR,New Relic Inc. Common Stock,$59.17,-0.62,-1.037%,3731623563.00,United States,2014,1329823,Technology,Computer Software: Prepackaged Software
NLOK,NortonLifeLock Inc. Common Stock,$21.095,0.275,1.321%,12275194170.00,United States,,7730807,Technology,Computer Software: Prepackaged Software
NOW,ServiceNow Inc. Common Stock,$483.51,-2.33,-0.48%,95468076194.00,United States,2012,1997126,Technology,Computer Software: Prepackaged Software
NPTN,NeoPhotonics Corporation Common Stock,$9.26,0.24,2.661%,475313291.00,United States,2011,691769,Technology,Semiconductors
NSIT,Insight Enterprises Inc. Common Stock,$100.07,4.48,4.687%,3534430471.00,United States,1995,413161,Technology,EDP Services
NSP,Insperity Inc. Common Stock,$88.84,1.72,1.974%,3435886200.00,United States,,102082,Technology,Professional Services
NTAP,NetApp Inc. Common Stock,$79.52,1.65,2.119%,17701243209.00,United States,1995,1226199,Technology,Electronic Components
NTCT,NetScout Systems Inc. Common Stock,$26.79,0.56,2.135%,1967424461.00,United States,1999,303055,Technology,EDP Services
NTNX,Nutanix Inc. Class A Common Stock,$28.62,0.47,1.67%,5846537303.00,United States,2016,2275531,Technology,EDP Services
NTWK,NetSol Technologies Inc. Common  Stock,$4.25,0.01,0.236%,48053390.00,United States,,15398,Technology,Computer Software: Prepackaged Software
NUAN,Nuance Communications Inc. Common Stock,$52.81,-0.27,-0.509%,15077571596.00,United States,,10519632,Technology,Computer Software: Prepackaged Software
NVDA,NVIDIA Corporation Common Stock,$592.49,11.57,1.992%,368756068051.00,United States,1999,5730126,Technology,Semiconductors
NVEC,NVE Corporation Common Stock,$78.32,1.92,2.513%,378538730.00,United States,,15138,Technology,Semiconductors
OBLG,Oblong Inc. Common Stock,$4.55,0.05,1.111%,121112118.00,United States,,78545,Technology,Computer Software: Prepackaged Software
OKTA,Okta Inc. Class A Common Stock,$237.27,2.88,1.229%,35973090994.00,United States,2017,1463199,Technology,EDP Services
OLB,The OLB Group Inc. Common Stock,$4.70,0.24,5.381%,33453538.00,United States,,42112,Technology,EDP Services
OLED,Universal Display Corporation Common Stock,$221.29,3.05,1.398%,10428736928.00,United States,,494518,Technology,Semiconductors
OMC,Omnicom Group Inc. Common Stock,$84.96,0.66,0.783%,18273262304.00,United States,,1593524,Technology,Advertising
ON,ON Semiconductor Corporation Common Stock,$38.63,1.04,2.767%,16495322903.00,United States,,4580033,Technology,Semiconductors
ONEM,1Life Healthcare Inc. Common Stock,$41.39,0.61,1.496%,5682421138.00,United States,2020,770097,Technology,Computer Software: Prepackaged Software
ONTO,Onto Innovation Inc. Common Stock,$66.41,2.35,3.668%,3256723356.00,United States,,265478,Technology,Semiconductors
ORCL,Oracle Corporation Common Stock,$80.40,0.66,0.828%,231836214000.00,United States,1986,14065799,Technology,Computer Software: Prepackaged Software
OSPN,OneSpan Inc. Common Stock,$25.68,0.15,0.588%,1034006895.00,United States,,103769,Technology,EDP Services
OSS,One Stop Systems Inc. Common Stock,$5.24,0.30,6.073%,96955206.00,United States,2018,109077,Technology,Computer Manufacturing
PANW,Palo Alto Networks Inc. Common Stock,$342.34,4.90,1.452%,33290032711.00,United States,2012,627188,Technology,EDP Services
PAR,PAR Technology Corporation Common Stock,$78.21,2.99,3.975%,1968061033.00,United States,,147306,Technology,Computer Software: Prepackaged Software
PAYA,Paya Holdings Inc. Class A Common Stock,$10.13,-0.41,-3.89%,1283445594.00,United States,,4051803,Technology,Computer Software: Prepackaged Software
PAYAW,Paya Holdings Inc. Warrant,$2.546,-0.0533,-2.051%,0.00,United States,,19625,Technology,Computer Software: Prepackaged Software
PCTI,PCTEL Inc. Common Stock,$6.77,-0.03,-0.441%,125370347.00,United States,1999,120746,Technology,Radio And Television Broadcasting And Communications Equipment
PCTY,Paylocity Holding Corporation Common Stock,$168.44,-2.63,-1.537%,9158652801.00,United States,2014,312470,Technology,Computer Software: Prepackaged Software
PCYG,Park City Group Inc. Common Stock,$4.95,-0.16,-3.131%,96324713.00,United States,,55231,Technology,EDP Services
PDFS,PDF Solutions Inc. Common Stock,$19.09,0.42,2.25%,704989424.00,United States,2001,290939,Technology,EDP Services
PEGA,Pegasystems Inc. Common Stock,$120.22,1.78,1.503%,9769940740.00,United States,1996,197999,Technology,EDP Services
PFPT,Proofpoint Inc. Common Stock,$172.35,0.55,0.32%,9882553481.00,United States,2012,2783543,Technology,EDP Services
PING,Ping Identity Holding Corp. Common Stock,$24.16,-0.30,-1.226%,1967672544.00,United States,2019,1247863,Technology,EDP Services
PIXY,ShiftPixy Inc. Common Stock,$2.54,-0.47,-15.615%,53123201.00,United States,2017,3540988,Technology,Diversified Commercial Services
PLAB,Photronics Inc. Common Stock,$13.20,0.47,3.692%,836678885.00,United States,1987,414640,Technology,Semiconductors
PLAN,Anaplan Inc. Common Stock,$54.61,0.24,0.441%,7895706573.00,United States,2018,2187765,Technology,Computer Software: Prepackaged Software
PLUS,ePlus inc. Common Stock,$102.31,1.51,1.498%,1381527943.00,United States,1996,21582,Technology,Retail: Computer Software & Peripheral Equipment
PLXS,Plexus Corp. Common Stock,$95.16,1.99,2.136%,2727190440.00,United States,,100797,Technology,Electrical Products
POWI,Power Integrations Inc. Common Stock,$82.48,1.64,2.029%,5002839824.00,United States,1997,212766,Technology,Semiconductors
PRAA,PRA Group Inc. Common Stock,$39.27,-0.78,-1.948%,1798534780.00,United States,2002,187226,Technology,Advertising
PRCH,Porch Group Inc. Common Stock,$12.63,0.01,0.079%,1213922359.00,United States,2020,701681,Technology,Computer Software: Prepackaged Software
PRFT,Perficient Inc. Common Stock,$68.62,1.12,1.659%,2267671896.00,United States,1999,474786,Technology,EDP Services
PRG,PROG Holdings Inc. Common Stock,$55.81,1.06,1.936%,3758786534.00,United States,,602815,Technology,Diversified Commercial Services
PRGS,Progress Software Corporation Common Stock (DE),$44.17,0.37,0.845%,1943614939.00,United States,1991,265159,Technology,Computer Software: Prepackaged Software
PRO,PROS Holdings Inc. Common Stock,$39.41,-1.41,-3.454%,1743318178.00,United States,2007,846661,Technology,EDP Services
PRTH,Priority Technology Holdings Inc. Common Stock,$6.55,0.05,0.769%,443966480.00,United States,2016,8798,Technology,EDP Services
PRVA,Privia Health Group Inc. Common Stock,$32.47,-0.34,-1.036%,3432430228.00,United States,2021,495333,Technology,Retail: Computer Software & Peripheral Equipment
PTC,PTC Inc. Common Stock,$131.16,1.06,0.815%,15320854425.00,United States,,658222,Technology,Computer Software: Prepackaged Software
PUBM,PubMatic Inc. Class A Common Stock,$44.62,5.79,14.911%,2134018608.00,United States,2020,715027,Technology,Computer Software: Prepackaged Software
PXLW,Pixelworks Inc.  Common Stock,$3.35,-0.28,-7.713%,174911610.00,United States,2000,1207538,Technology,Semiconductors
QADA,QAD Inc. Class A Common Stock,$69.92,1.20,1.746%,1448128153.00,United States,,21658,Technology,Computer Software: Prepackaged Software
QADB,QAD Inc. Class B Common Stock,$49.10,0.00,0.00%,1016920657.00,United States,,28,Technology,Computer Software: Prepackaged Software
QCOM,QUALCOMM Incorporated Common Stock,$137.85,1.85,1.36%,155494800000.00,United States,1991,6890061,Technology,Computer peripheral equipment
QLYS,Qualys Inc. Common Stock,$97.93,-0.28,-0.285%,3838058752.00,United States,2012,907227,Technology,EDP Services
QMCO,Quantum Corporation Common Stock,$9.30,0.61,7.02%,526967825.00,United States,,703462,Technology,Electronic Components
QNST,QuinStreet Inc. Common Stock,$18.66,0.34,1.856%,994512709.00,United States,2010,589341,Technology,Advertising
QUIK,QuickLogic Corporation Common Stock,$6.22,-0.36,-5.471%,70101204.00,United States,1999,145622,Technology,Semiconductors
QUMU,Qumu Corporation Common Stock,$5.40,0.055,1.029%,94987318.00,United States,,112101,Technology,Retail: Computer Software & Peripheral Equipment
RAMP,LiveRamp Holdings Inc. Common Stock,$49.55,1.47,3.057%,3315856815.00,United States,2018,928868,Technology,EDP Services
RBBN,Ribbon Communications Inc. Common Stock,$6.90,0.28,4.23%,1016835536.00,United States,,483232,Technology,EDP Services
RBCN,Rubicon Technology Inc. Common Stock,$10.695,0.1651,1.568%,25906017.00,United States,2007,287,Technology,Semiconductors
RCAT,Red Cat Holdings Inc. Common Stock,$3.84,-0.03,-0.775%,105449956.00,United States,,145098,Technology,Retail: Computer Software & Peripheral Equipment
RCII,Rent-A-Center Inc. Common Stock,$59.38,1.16,1.992%,3937386082.00,United States,1995,412874,Technology,Diversified Commercial Services
RDVT,Red Violet Inc. Common Stock ,$19.30,0.21,1.10%,235615886.00,United States,,39578,Technology,Computer Software: Prepackaged Software
REKR,Rekor Systems Inc. Common Stock,$18.91,0.53,2.884%,771607781.00,United States,,1331260,Technology,EDP Services
RELL,Richardson Electronics Ltd. Common Stock,$7.47,0.17,2.329%,98661175.00,United States,1983,52700,Technology,Electronic Components
RESN,Resonant Inc. Common Stock,$2.93,0.01,0.342%,176562160.00,United States,2014,862574,Technology,Semiconductors
RHI,Robert Half International Inc. Common Stock,$90.32,0.62,0.691%,10186343069.00,United States,,552566,Technology,Diversified Commercial Services
RIOT,Riot Blockchain Inc.  Common Stock ,$33.39,-0.06,-0.179%,2809592601.00,United States,,10985412,Technology,Retail: Computer Software & Peripheral Equipment
RMBS,Rambus Inc. Common Stock,$19.36,0.35,1.841%,2177896540.00,United States,1997,458731,Technology,Semiconductors
RMNI,Rimini Street Inc. (DE) Common Stock,$7.83,0.09,1.163%,665200320.00,United States,2015,799689,Technology,EDP Services
RNWK,RealNetworks Inc. Common Stock,$2.50,0.02,0.806%,117131125.00,United States,1997,914826,Technology,EDP Services
ROL,Rollins Inc. Common Stock,$37.12,0.15,0.406%,18267624914.00,United States,,881002,Technology,Industrial Specialties
RPAY,Repay Holdings Corporation Class A Common Stock,$21.49,0.23,1.082%,1728919626.00,United States,2018,600479,Technology,EDP Services
RPD,Rapid7 Inc. Common Stock,$75.21,1.66,2.257%,4143453827.00,United States,2015,1083136,Technology,Computer Software: Prepackaged Software
RSSS,Research Solutions Inc Common Stock,$2.25,0.06,2.74%,59124778.00,United States,,78967,Technology,Retail: Computer Software & Peripheral Equipment
RXN,Rexnord Corporation Common Stock,$52.46,0.12,0.229%,6280566808.00,United States,2012,353359,Technology,Industrial Machinery/Components
RXT,Rackspace Technology Inc. Common Stock,$23.72,-0.18,-0.753%,4890522876.00,United States,2020,778259,Technology,EDP Services
SABR,Sabre Corporation Common Stock,$12.97,0.57,4.597%,4143441582.00,United States,2014,6937357,Technology,EDP Services
SABRP,Sabre Corporation 6.50% Series A Mandatory Convertible Preferred Stock,$166.42,8.88,5.637%,,United States,,2222,Technology,EDP Services
SAIL,SailPoint Technologies Holdings Inc. Common Stock,$46.30,0.43,0.937%,4257780873.00,United States,2017,814217,Technology,Computer Software: Prepackaged Software
SANM,Sanmina Corporation Common Stock,$42.00,0.36,0.865%,2726915898.00,United States,1993,211075,Technology,Electrical Products
SATS,EchoStar  Corporation Common Stock,$26.71,0.57,2.181%,2482572168.00,United States,,531620,Technology,Radio And Television Broadcasting And Communications Equipment
SCKT,Socket Mobile Inc. Common Stock,$5.42,0.38,7.54%,37622301.00,United States,,144309,Technology,Computer Manufacturing
SCPL,SciPlay Corporation Class A Common Stock,$18.16,0.39,2.195%,442803888.00,United States,2019,543956,Technology,Computer Software: Prepackaged Software
SCSC,ScanSource Inc. Common Stock,$32.31,0.76,2.409%,822346559.00,United States,,30820,Technology,Retail: Computer Software & Peripheral Equipment
SCWX,SecureWorks Corp. Class A Common Stock,$13.22,0.14,1.07%,1097646804.00,United States,2016,28562,Technology,EDP Services
SDGR,Schrodinger Inc. Common Stock,$68.37,1.17,1.741%,4819436032.00,United States,2020,800325,Technology,Computer Software: Prepackaged Software
SE,Sea Limited American Depositary Shares each representing one Class A Ordinary Share,$240.28,2.03,0.852%,124846739918.00,United States,2017,2280525,Technology,Computer Software: Prepackaged Software
SEAC,SeaChange International Inc. Common Stock,$1.08,0.05,4.854%,51992155.00,United States,1996,1241300,Technology,Radio And Television Broadcasting And Communications Equipment
SGH,SMART Global Holdings Inc. Ordinary Shares,$47.67,0.29,0.612%,1136942562.00,United States,2017,171550,Technology,Semiconductors
SGLB,Sigma Labs Inc. Common Stock,$3.50,0.10,2.941%,20405000.00,United States,,283770,Technology,EDP Services
SGMA,SigmaTron International Inc. Common Stock,$5.07,-0.08,-1.553%,21585566.00,United States,1994,7797,Technology,Electrical Products
SHLS,Shoals Technologies Group Inc. Class A Common Stock,$28.78,-0.60,-2.042%,4795098281.00,United States,2021,775893,Technology,Semiconductors
SHSP,SharpSpring Inc. Common Stock,$15.78,-0.26,-1.621%,202524497.00,United States,,60695,Technology,Retail: Computer Software & Peripheral Equipment
SITM,SiTime Corporation Common Stock,$90.63,7.13,8.539%,1707445455.00,United States,2019,108463,Technology,Semiconductors
SKYT,SkyWater Technology Inc. Common Stock,$20.25,-1.33,-6.163%,790959796.00,United States,2021,84269,Technology,Semiconductors
SLAB,Silicon Laboratories Inc. Common Stock,$135.22,2.41,1.815%,6050952478.00,United States,2000,331069,Technology,Semiconductors
SLP,Simulations Plus Inc. Common Stock,$57.09,0.64,1.134%,1147959726.00,United States,,203389,Technology,Computer Software: Prepackaged Software
SMAR,Smartsheet Inc. Class A Common Stock,$55.95,0.96,1.746%,6648730185.00,United States,2018,943772,Technology,EDP Services
SMCI,Super Micro Computer Inc. Common Stock,$36.39,0.22,0.608%,1813181532.00,United States,2020,163946,Technology,Computer Manufacturing
SMSI,Smith Micro Software Inc. Common Stock,$5.09,0.28,5.821%,270776359.00,United States,1995,1042610,Technology,Computer Software: Prepackaged Software
SMTC,Semtech Corporation Common Stock,$64.01,0.98,1.555%,4157423768.00,United States,,249672,Technology,Semiconductors
SNAP,Snap Inc. Class A Common Stock,$54.70,2.11,4.012%,83334947143.00,United States,2017,20007201,Technology,Internet and Information Services
SNCR,Synchronoss Technologies Inc. Common Stock,$3.13,0.01,0.321%,138266908.00,United States,2018,594825,Technology,EDP Services
SNOW,Snowflake Inc. Class A Common Stock,$206.04,6.20,3.102%,59483748000.00,United States,2020,5970703,Technology,Computer Software: Prepackaged Software
SNPS,Synopsys Inc. Common Stock,$241.84,4.38,1.845%,36849925498.00,United States,1992,617668,Technology,EDP Services
SNX,Synnex Corporation Common Stock,$123.50,2.62,2.167%,6403745836.00,United States,2003,244946,Technology,EDP Services
SOGO,Sogou Inc. American Depositary Shares each representing one Class A Ordinary Share,$8.46,0.00,0.00%,3279019149.00,United States,2017,230762,Technology,EDP Services
SPGI,S&P Global Inc. Common Stock,$390.71,1.14,0.293%,94122039000.00,United States,,1068937,Technology,Advertising
SPLK,Splunk Inc. Common Stock,$117.82,1.04,0.891%,19311012344.00,United States,2012,1644171,Technology,Computer Software: Prepackaged Software
SPRT,Support.com Inc. Common Stock,$3.08,0.15,5.119%,74194462.00,United States,2000,339318,Technology,EDP Services
SPSC,SPS Commerce Inc. Common Stock,$98.36,-0.39,-0.395%,3527505336.00,United States,2010,89257,Technology,EDP Services
SPT,Sprout Social Inc Class A Common Stock,$63.82,2.28,3.705%,3417158615.00,United States,2019,437240,Technology,EDP Services
SPWR,SunPower Corporation Common Stock,$23.37,0.81,3.59%,4025799537.00,United States,2005,3153343,Technology,Semiconductors
SQ,Square Inc. Class A Common Stock,$233.35,9.39,4.193%,106259107027.00,United States,2015,14819541,Technology,Computer Software: Prepackaged Software
SRAX,SRAX Inc. Class A Common Stock,$4.16,0.24,6.122%,96452782.00,United States,,462493,Technology,Advertising
SREV,ServiceSource International Inc. Common Stock,$1.44,0.00,0.00%,140181876.00,United States,2011,508958,Technology,Retail: Computer Software & Peripheral Equipment
SRNGW,Soaring Eagle Acquisition Corp. Warrant,$2.35,-0.05,-2.083%,0.00,United States,2021,238212,Technology,Computer Communications Equipment
SSNC,SS&C Technologies Holdings Inc. Common Stock,$73.35,0.11,0.15%,18754084357.00,United States,2010,990059,Technology,EDP Services
SSNT,SilverSun Technologies Inc. Common Stock,$7.39,0.19,2.639%,33264393.00,United States,,29502,Technology,Computer Software: Prepackaged Software
SSPK,Silver Spike Acquisition Corp. Class A Ordinary Shares,$15.92,-0.04,-0.251%,497477314.00,United States,2019,270397,Technology,Computer Software: Prepackaged Software
SSPKU,Silver Spike Acquisition Corp. Units,$18.70,-0.96,-4.883%,0.00,United States,2019,125,Technology,Computer Software: Prepackaged Software
SSTI,ShotSpotter Inc. Common Stock,$31.39,0.27,0.868%,366500882.00,United States,2017,42694,Technology,Computer Software: Prepackaged Software
SSYS,Stratasys Ltd. Ordinary Shares (Israel),$20.05,0.48,2.453%,1274224978.00,United States,1994,1361410,Technology,Computer peripheral equipment
STAF,Staffing 360 Solutions Inc. Common Stock (DE),$0.5946,0.008,1.364%,23288418.00,United States,,911187,Technology,Diversified Commercial Services
STMP,Stamps.com Inc.  Common Stock ($0.001 Par Value),$185.90,-6.76,-3.509%,3413039973.00,United States,1999,546764,Technology,EDP Services
STRM,Streamline Health Solutions Inc. Common Stock,$2.06,0.05,2.488%,87173928.00,United States,,52227,Technology,EDP Services
SUMO,Sumo Logic Inc. Common Stock,$17.50,0.96,5.804%,1797314435.00,United States,2020,913220,Technology,Retail: Computer Software & Peripheral Equipment
SUNW,Sunworks Inc. Common Stock,$9.32,0.57,6.514%,154982205.00,United States,,2066418,Technology,Semiconductors
SVMK,SVMK Inc. Common Stock,$18.49,1.48,8.701%,2692842460.00,United States,2018,2112143,Technology,EDP Services
SWI,SolarWinds Corporation Common Stock,$16.82,0.13,0.779%,5310166090.00,United States,2018,401716,Technology,Computer Software: Prepackaged Software
SWKS,Skyworks Solutions Inc. Common Stock,$175.12,-0.81,-0.46%,28911004204.00,United States,,1918093,Technology,Semiconductors
SYKE,Sykes Enterprises Incorporated Common Stock,$43.30,0.07,0.162%,1721993846.00,United States,1996,80316,Technology,EDP Services
SYNA,Synaptics Incorporated Common Stock $0.001 Par Value,$130.83,-2.47,-1.853%,4572817390.00,United States,2002,925746,Technology,Computer peripheral equipment
SYX,Systemax Inc. Common Stock,$34.78,0.16,0.462%,1311870263.00,United States,,69568,Technology,Industrial Machinery/Components
TACT,TransAct Technologies Incorporated Common Stock,$12.69,0.08,0.634%,113772715.00,United States,1996,11986,Technology,Computer peripheral equipment
TAIT,Taitron Components Incorporated Class A Common Stock,$4.49,-0.125,-2.709%,26153563.00,United States,1995,89312,Technology,Electronic Components
TBI,TrueBlue Inc. Common Stock,$28.22,0.41,1.474%,1001001187.00,United States,,116352,Technology,Professional Services
TDC,Teradata Corporation Common Stock,$40.54,-7.91,-16.326%,4440082406.00,United States,,8515441,Technology,EDP Services
TENB,Tenable Holdings Inc. Common Stock,$37.10,0.23,0.624%,3917429736.00,United States,2018,1368613,Technology,EDP Services
TLS,Telos Corporation Common Stock,$31.08,0.13,0.42%,2072261207.00,United States,2020,492343,Technology,EDP Services
TPIC,TPI Composites Inc. Common Stock,$48.12,0.92,1.949%,1806104128.00,United States,2016,1026470,Technology,Industrial Machinery/Components
TRKA,Troika Media Group Inc. Common Stock,$2.17,-0.09,-3.982%,84247388.00,United States,2021,252046,Technology,Advertising
TRKAW,Troika Media Group Inc. Warrant,$0.42,-0.03,-6.667%,0.00,United States,2021,69782,Technology,Advertising
TRNS,Transcat Inc. Common Stock,$49.06,0.23,0.471%,365290801.00,United States,,24698,Technology,Industrial Machinery/Components
TRS,TriMas Corporation Common Stock,$33.56,0.11,0.329%,1448571087.00,United States,2007,99752,Technology,Industrial Machinery/Components
TRT,Trio-Tech International Common Stock,$5.16,-0.10,-1.901%,19146464.00,United States,,22659,Technology,Industrial Machinery/Components
TRU,TransUnion Common Stock,$106.21,1.14,1.085%,20315065714.00,United States,2015,897878,Technology,Advertising
TSQ,Townsquare Media Inc. Class A Common Stock,$10.35,0.34,3.397%,166824198.00,United States,2014,30349,Technology,Advertising
TSRI,TSR Inc. Common Stock,$8.9999,-0.4001,-4.256%,17658362.00,United States,,11639,Technology,EDP Services
TTD,The Trade Desk Inc. Class A Common Stock,$661.43,49.13,8.024%,31438119119.00,United States,2016,1130906,Technology,EDP Services
TTEC,TTEC Holdings Inc. Common Stock,$101.53,0.97,0.965%,4753580586.00,United States,1996,85795,Technology,Retail: Computer Software & Peripheral Equipment
TTMI,TTM Technologies Inc. Common Stock,$15.09,0.125,0.835%,1613214965.00,United States,2000,948686,Technology,Electrical Products
TTWO,Take-Two Interactive Software Inc. Common Stock,$170.07,1.43,0.848%,19588262936.00,United States,1997,822151,Technology,Computer Software: Prepackaged Software
TXN,Texas Instruments Incorporated Common Stock,$187.76,3.49,1.894%,173400776678.00,United States,,4591369,Technology,Semiconductors
TYL,Tyler Technologies Inc. Common Stock,$399.87,-3.15,-0.782%,16280802219.00,United States,,194121,Technology,Computer Software: Prepackaged Software
TZOO,Travelzoo Common Stock,$17.45,0.95,5.758%,200146352.00,United States,,124356,Technology,EDP Services
U,Unity Software Inc. Common Stock,$89.42,1.10,1.245%,24977535424.00,United States,2020,3987067,Technology,Retail: Computer Software & Peripheral Equipment
UCTT,Ultra Clean Holdings Inc. Common Stock,$50.14,2.07,4.306%,2222154409.00,United States,2004,781919,Technology,Semiconductors
UI,Ubiquiti Inc. Common Stock,$280.39,14.03,5.267%,17611066541.00,United States,,124931,Technology,Radio And Television Broadcasting And Communications Equipment
UIS,Unisys Corporation New Common Stock,$23.87,-0.36,-1.486%,1598760611.00,United States,,877588,Technology,EDP Services
ULBI,Ultralife Corporation Common Stock,$7.83,0.00,0.00%,125254725.00,United States,1992,55783,Technology,Electronic Components
UPLD,Upland Software Inc. Common Stock,$44.20,3.27,7.989%,1330407491.00,United States,2014,506418,Technology,EDP Services
URI,United Rentals Inc. Common Stock,$347.33,4.75,1.387%,25139100061.00,United States,1997,531873,Technology,Diversified Commercial Services
USIO,Usio Inc. Common Stock,$6.03,-0.02,-0.331%,150934928.00,United States,,49736,Technology,EDP Services
VALU,Value Line Inc. Common Stock,$28.74,-0.30,-1.033%,275162134.00,United States,1983,1959,Technology,Advertising
VECO,Veeco Instruments Inc. Common Stock,$22.67,0.36,1.614%,1137639746.00,United States,1994,330519,Technology,Semiconductors
VERB,Verb Technology Company Inc. Common Stock,$1.10,-0.01,-0.901%,68697013.00,United States,,601726,Technology,EDP Services
VERI,Veritone Inc. Common Stock,$19.96,0.72,3.742%,652363039.00,United States,2017,691521,Technology,EDP Services
VERX,Vertex Inc. Class A Common Stock,$17.39,-0.77,-4.24%,2567502571.00,United States,2020,419200,Technology,EDP Services
VIAV,Viavi Solutions Inc. Common Stock,$16.36,0.17,1.05%,3742022424.00,United States,,1402141,Technology,Radio And Television Broadcasting And Communications Equipment
VMW,Vmware Inc. Common stock Class A,$163.41,1.08,0.665%,68468192410.00,United States,2007,1203640,Technology,Computer Software: Prepackaged Software
VOLT,Volt Information Sciences Inc. Common Stock,$3.89,-0.04,-1.018%,84555277.00,United States,,61119,Technology,Diversified Commercial Services
VRNS,Varonis Systems Inc. Common Stock,$47.69,0.54,1.145%,5062397035.00,United States,2014,1010873,Technology,Computer Software: Prepackaged Software
VRNT,Verint Systems Inc. Common Stock,$46.67,-0.02,-0.043%,3070256375.00,United States,2002,2705663,Technology,EDP Services
VRSN,VeriSign Inc. Common Stock,$222.89,-0.35,-0.157%,25101605224.00,United States,1998,477465,Technology,EDP Services
VSAT,ViaSat Inc. Common Stock,$49.58,-0.59,-1.176%,3397646005.00,United States,1996,492996,Technology,Radio And Television Broadcasting And Communications Equipment
WDAY,Workday Inc. Class A Common Stock,$236.71,1.78,0.758%,57743142263.00,United States,,1384100,Technology,Computer Software: Prepackaged Software
WDC,Western Digital Corporation Common Stock,$71.65,2.04,2.931%,21931862875.00,United States,,4204524,Technology,Electronic Components
WEX,WEX Inc. common stock,$196.40,-2.26,-1.138%,8756024604.00,United States,,549551,Technology,EDP Services
WFCF,Where Food Comes From Inc. Common Stock,$13.8559,-0.2941,-2.078%,84921356.00,United States,,2247,Technology,Computer Software: Prepackaged Software
WISA,Summit Wireless Technologies Inc. Common Stock,$2.98,0.10,3.472%,33175008.00,United States,2018,448364,Technology,Electronic Components
WK,Workiva Inc. Class A Common Stock,$90.33,4.19,4.864%,4515949439.00,United States,2014,491780,Technology,Computer Software: Prepackaged Software
WSC,WillScot Mobile Mini Holdings Corp. Class A Common Stock,$29.37,0.19,0.651%,6656620099.00,United States,2015,2901971,Technology,Diversified Commercial Services
WSTG,Wayside Technology Group Inc. Common Stock,$24.40,-0.40,-1.613%,107604854.00,United States,,9084,Technology,Retail: Computer Software & Peripheral Equipment
WTRH,Waitr Holdings Inc. Common Stock,$2.13,-0.30,-12.346%,245782308.00,United States,2016,8827966,Technology,Computer Software: Prepackaged Software
WYY,WidePoint Corporation Common Stock,$7.85,-0.34,-4.151%,71210105.00,United States,,124733,Technology,EDP Services
XELA,Exela Technologies Inc. Common Stock,$1.67,0.00,0.00%,98850660.00,United States,2015,1016013,Technology,Retail: Computer Software & Peripheral Equipment
XLNX,Xilinx Inc. Common Stock,$124.43,2.29,1.875%,30579806431.00,United States,1990,2016044,Technology,Semiconductors
XM,Qualtrics International Inc. Class A Common Stock,$35.61,-0.13,-0.364%,18248435875.00,United States,2021,4199461,Technology,Computer Software: Prepackaged Software
XPER,Xperi Holding Corporation Common Stock,$20.89,0.72,3.57%,2197924011.00,United States,,491866,Technology,Semiconductors
XRX,Xerox Holdings Corporation Common Stock,$24.47,0.15,0.617%,4696951483.00,United States,,1510975,Technology,EDP Services
YELP,Yelp Inc. Common Stock,$39.46,1.23,3.217%,2960906670.00,United States,2012,1051596,Technology,Internet and Information Services
YEXT,Yext Inc. Common Stock,$13.20,0.14,1.072%,1664605945.00,United States,2017,762478,Technology,EDP Services
ZBRA,Zebra Technologies Corporation Class A Common Stock,$488.58,17.17,3.642%,26138668939.00,United States,1991,330664,Technology,Computer peripheral equipment
ZI,ZoomInfo Technologies Inc. Class A Common Stock,$42.98,-2.59,-5.684%,16820641281.00,United States,2020,3146535,Technology,Computer Software: Prepackaged Software
ZIXI,Zix Corporation Common Stock,$7.10,0.04,0.567%,405111857.00,United States,,958381,Technology,Retail: Computer Software & Peripheral Equipment
ZNGA,Zynga Inc. Class A Common Stock,$10.99,0.28,2.614%,11924345699.00,United States,2011,15033638,Technology,EDP Services
ZS,Zscaler Inc. Common Stock,$169.32,1.97,1.177%,23017400252.00,United States,2018,1524373,Technology,EDP Services
