Symbol,Name,Last Sale,Net Change,% Change, Market Cap ,Country,IPO Year,Volume,Sector,Industry
AAPL,Apple Inc. Common Stock,$128.10 ,0.25,0.20%,"$2,220,913,254,000.00 ",United States,1980,83824029,Technology,Computer Manufacturing
MSFT,Microsoft Corporation Common Stock,$246.47 ,-1.32,-0.53%,"$1,856,307,179,585.00 ",United States,1986,21878527,,
AMZN,Amazon.com Inc. Common Stock,"$3,270.54 ",-41.33,-1.25%,"$1,649,410,951,537.00 ",United States,1997,3701425,Consumer Services,Catalog/Specialty Distribution
GOOG,Alphabet Inc. Class C Capital Stock,"$2,356.74 ",2.49,0.11%,"$1,579,401,817,515.00 ",United States,2004,1089685,,
GOOGL,Alphabet Inc. Class A Common Stock,"$2,314.77 ",7.94,0.34%,"$1,551,275,043,123.00 ",United States,,1330850,,
FB,Facebook Inc. Class A Common Stock,$315.02 ,-3.34,-1.05%,"$893,228,132,007.00 ",United States,2012,15558879,,
TSLA,Tesla Inc. Common Stock,$670.94 ,-2.66,-0.40%,"$646,336,930,781.00 ",United States,2010,21835715,,
NVDA,NVIDIA Corporation Common Stock,$578.34 ,4.29,0.75%,"$359,949,339,899.00 ",United States,1999,7289228,,
PYPL,PayPal Holdings Inc. Common Stock,$247.40 ,-2.76,-1.10%,"$290,512,248,094.00 ",United States,,9465425,,
CMCSA,Comcast Corporation Class A Common Stock,$56.41 ,-0.22,-0.39%,"$259,163,853,490.00 ",United States,,17858802,,
ADBE,Adobe Inc. Common Stock,$486.69 ,-4.01,-0.82%,"$232,637,820,000.00 ",United States,1986,1874479,Technology,Computer Software: Prepackaged Software
INTC,Intel Corporation Common Stock,$56.85 ,-0.05,-0.09%,"$229,560,300,000.00 ",United States,,20987346,,
NFLX,Netflix Inc. Common Stock,$496.08 ,-7.1,-1.41%,"$219,963,229,275.00 ",United States,2002,3121896,,
CSCO,Cisco Systems Inc. Common Stock (DE),$51.13 ,0.42,0.83%,"$215,859,895,018.00 ",United States,1990,15877186,,
PEP,PepsiCo Inc. Common Stock,$143.89 ,-0.07,-0.05%,"$198,802,922,577.00 ",United States,,5305220,,
AVGO,Broadcom Inc. Common Stock,$443.83 ,-0.71,-0.16%,"$181,216,821,349.00 ",United States,2009,1638842,Technology,Semiconductors
TXN,Texas Instruments Incorporated Common Stock,$181.65 ,2.62,1.46%,"$167,758,047,953.00 ",United States,,5257116,,
TMUS,T-Mobile US Inc. Common Stock,$134.13 ,5.65,4.40%,"$167,234,486,744.00 ",United States,,8802653,,
COST,Costco Wholesale Corporation Common Stock,$372.50 ,-2.79,-0.74%,"$164,843,834,913.00 ",United States,,1904776,,
QCOM,QUALCOMM Incorporated Common Stock,$134.65 ,0.53,0.40%,"$151,885,200,000.00 ",United States,1991,6281161,,
AMGN,Amgen Inc. Common Stock,$249.35 ,1.99,0.80%,"$143,265,036,409.00 ",United States,1983,2765053,Health Care,Major Pharmaceuticals
CHTR,Charter Communications Inc. Class A Common Stock New,$673.75 ,0.89,0.13%,"$138,050,820,504.00 ",United States,,712389,,
SBUX,Starbucks Corporation Common Stock,$113.48 ,-0.63,-0.55%,"$133,713,484,000.00 ",United States,1992,4676650,,
AMAT,Applied Materials Inc. Common Stock,$130.29 ,1.57,1.22%,"$119,562,029,801.00 ",United States,1972,7272795,Capital Goods,Industrial Machinery/Components
INTU,Intuit Inc. Common Stock,$392.04 ,-5.58,-1.40%,"$107,356,186,163.00 ",United States,1993,989846,,
ISRG,Intuitive Surgical Inc. Common Stock,$838.40 ,-10.59,-1.25%,"$99,277,365,299.00 ",United States,2000,489454,,
ABNB,Airbnb Inc. Class A Common Stock,$162.33 ,-6.57,-3.89%,"$96,813,450,806.00 ",United States,2020,3578516,Capital Goods,Industrial Machinery/Components
BKNG,Booking Holdings Inc. Common Stock,"$2,337.92 ",-45.02,-1.89%,"$95,977,846,557.00 ",United States,,381522,Transportation,Other Consumer Services
MU,Micron Technology Inc. Common Stock,$85.15 ,0.74,0.88%,"$95,488,535,019.00 ",United States,,13165047,,
AMD,Advanced Micro Devices Inc. Common Stock,$77.83 ,-0.78,-0.99%,"$94,565,082,562.00 ",United States,,42241229,Technology,Semiconductors
ZM,Zoom Video Communications Inc. Class A Common Stock,$297.59 ,-7.26,-2.38%,"$87,406,362,652.00 ",United States,2019,2579817,,
LRCX,Lam Research Corporation Common Stock,$611.00 ,4.71,0.78%,"$87,140,420,406.00 ",United States,1984,982899,,
MDLZ,Mondelez International Inc. Class A Common Stock,$61.14 ,0.4,0.66%,"$85,884,044,235.00 ",United States,,8431864,,
GILD,Gilead Sciences Inc. Common Stock,$66.51 ,0.87,1.33%,"$83,739,817,420.00 ",United States,1992,6909613,,
ADP,Automatic Data Processing Inc. Common Stock,$193.66 ,-0.31,-0.16%,"$82,405,877,851.00 ",United States,,2759114,Miscellaneous,Business Services
FISV,Fiserv Inc. Common Stock,$116.59 ,-1.45,-1.23%,"$77,738,642,247.00 ",United States,1986,3896137,,
CSX,CSX Corporation Common Stock,$101.20 ,-0.45,-0.44%,"$76,648,901,859.00 ",United States,,2927280,,
CME,CME Group Inc. Class A Common Stock,$203.06 ,-1.3,-0.64%,"$72,909,951,160.00 ",United States,2002,956773,,
ATVI,Activision Blizzard Inc. Common Stock,$90.08 ,1.39,1.57%,"$69,993,282,667.00 ",United States,,13079059,Technology,Computer Software: Prepackaged Software
MRNA,Moderna Inc. Common Stock,$162.84 ,-10.75,-6.19%,"$65,221,554,019.00 ",United States,2018,18864473,,
EQIX,Equinix Inc. Common Stock REIT,$693.00 ,-17.03,-2.40%,"$62,078,874,858.00 ",United States,2000,472891,,
ADSK,Autodesk Inc. Common Stock,$281.08 ,1.35,0.48%,"$61,723,001,998.00 ",United States,,839434,Technology,Computer Software: Prepackaged Software
WDAY,Workday Inc. Class A Common Stock,$235.94 ,-1.22,-0.51%,"$57,555,308,121.00 ",United States,,900499,,
ADI,Analog Devices Inc. Common Stock,$153.93 ,2.02,1.33%,"$56,862,290,299.00 ",United States,,4415443,Technology,Semiconductors
VRTX,Vertex Pharmaceuticals Incorporated Common Stock,$213.87 ,-0.98,-0.46%,"$55,363,601,057.00 ",United States,1991,1254800,,
ILMN,Illumina Inc. Common Stock,$378.35 ,-0.02,-0.01%,"$55,239,100,000.00 ",United States,2000,678365,,
COIN,Coinbase Global Inc. Class A Common Stock,$273.00 ,-7.66,-2.73%,"$54,381,600,000.00 ",United States,,5062138,,
KHC,The Kraft Heinz Company Common Stock,$42.47 ,0.11,0.26%,"$51,947,067,530.00 ",United States,,4727085,,
REGN,Regeneron Pharmaceuticals Inc. Common Stock,$482.42 ,-2.76,-0.57%,"$51,388,926,968.00 ",United States,1991,841090,,
KDP,Keurig Dr Pepper Inc. Common Stock,$36.00 ,0.275,0.77%,"$51,018,943,043.00 ",United States,,3231904,,
MNST,Monster Beverage Corporation,$94.45 ,-1.49,-1.55%,"$49,922,445,720.00 ",United States,,2005335,,
KLAC,KLA Corporation Common Stock,$311.92 ,3.98,1.29%,"$47,811,653,753.00 ",United States,1980,1157120,,
WBA,Walgreens Boots Alliance Inc. Common Stock,$54.47 ,0.35,0.65%,"$47,083,563,948.00 ",United States,,4746871,,
MAR,Marriott International Class A Common Stock,$144.51 ,-3.1,-2.10%,"$47,046,384,123.00 ",United States,,1854772,,
ROST,Ross Stores Inc. Common Stock,$128.72 ,-3.27,-2.48%,"$45,903,025,973.00 ",United States,1985,2196591,,
IDXX,IDEXX Laboratories Inc. Common Stock,$529.92 ,3.04,0.58%,"$45,376,907,052.00 ",United States,1991,420817,,
ALGN,Align Technology Inc. Common Stock,$569.25 ,-12.9,-2.22%,"$45,047,931,761.00 ",United States,2001,608983,Health Care,Industrial Specialties
AEP,American Electric Power Company Inc. Common Stock,$87.47 ,-0.91,-1.03%,"$43,713,167,488.00 ",United States,,1906180,Public Utilities,Electric Utilities: Central
CRWD,CrowdStrike Holdings Inc. Class A Common Stock,$193.24 ,-4.55,-2.30%,"$43,261,842,492.00 ",United States,2019,2304025,,
CTSH,Cognizant Technology Solutions Corporation Class A Common Stock,$81.46 ,0.21,0.26%,"$43,054,235,211.00 ",United States,1998,4092892,,
EXC,Exelon Corporation Common Stock,$43.53 ,-1.25,-2.79%,"$42,518,364,498.00 ",United States,,8467460,,
TROW,T. Rowe Price Group Inc. Common Stock,$185.33 ,3.47,1.91%,"$42,043,143,715.00 ",United States,1986,1124669,,
BIIB,Biogen Inc. Common Stock,$271.57 ,0.55,0.20%,"$40,886,153,458.00 ",United States,,783314,Health Care,Major Pharmaceuticals
ROKU,Roku Inc. Class A Common Stock,$304.17 ,-15.42,-4.83%,"$40,270,041,469.00 ",United States,2017,3735201,,
EBAY,eBay Inc. Common Stock,$58.24 ,0.55,0.95%,"$39,676,677,681.00 ",United States,1998,7002051,,
EA,Electronic Arts Inc. Common Stock,$137.86 ,0.8,0.58%,"$39,652,124,082.00 ",United States,,2126292,,
MCHP,Microchip Technology Incorporated Common Stock,$145.64 ,0.76,0.53%,"$39,215,319,573.00 ",United States,1993,2080620,,
ORLY,O'Reilly Automotive Inc. Common Stock,$560.09 ,0.21,0.04%,"$39,057,870,549.00 ",United States,1993,560819,,
MTCH,Match Group Inc. Common Stock,$143.67 ,4.74,3.41%,"$38,643,176,926.00 ",United States,,5260307,,
DISCB,Discovery Inc. Series B Common Stock,$78.97 ,3.86,5.14%,"$38,484,781,379.00 ",United States,,5227,,
DOCU,DocuSign Inc. Common Stock,$196.47 ,-7.84,-3.84%,"$38,224,440,111.00 ",United States,2018,3692412,,
XEL,Xcel Energy Inc. Common Stock,$70.75 ,-1.09,-1.52%,"$38,078,131,100.00 ",United States,,2443940,,
ALXN,Alexion Pharmaceuticals Inc. Common Stock,$169.91 ,1.42,0.84%,"$37,553,377,369.00 ",United States,1996,2242910,Health Care,Biotechnology: Commercial Physical & Biological Resarch
CTAS,Cintas Corporation Common Stock,$348.59 ,-2.19,-0.62%,"$36,620,493,942.00 ",United States,1983,419523,,
SNPS,Synopsys Inc. Common Stock,$237.46 ,0.39,0.17%,"$36,182,531,049.00 ",United States,1992,914449,,
PAYX,Paychex Inc. Common Stock,$100.38 ,-0.4,-0.40%,"$36,172,943,626.00 ",United States,1983,1651860,,
DXCM,DexCom Inc. Common Stock,$365.94 ,-5.48,-1.48%,"$35,388,547,166.00 ",United States,2005,841288,,
CDNS,Cadence Design Systems Inc. Common Stock,$126.89 ,0.54,0.43%,"$35,309,045,850.00 ",United States,,2090429,,
FTNT,Fortinet Inc. Common Stock,$209.38 ,2.6,1.26%,"$34,194,345,706.00 ",United States,2009,1227027,,
CSGP,CoStar Group Inc. Common Stock,$833.99 ,-16.33,-1.92%,"$32,937,225,765.00 ",United States,1998,195955,,
SBAC,SBA Communications Corporation Class A Common Stock,$294.21 ,-2.69,-0.91%,"$32,166,273,510.00 ",United States,1999,581689,,
OKTA,Okta Inc. Class A Common Stock,$242.06 ,-2.01,-0.82%,"$31,761,290,730.00 ",United States,2017,1087755,,
PCAR,PACCAR Inc. Common Stock,$91.23 ,1.17,1.30%,"$31,675,056,000.00 ",United States,,3232944,,
SIVB,SVB Financial Group Common Stock,$581.59 ,8.66,1.51%,"$31,581,382,117.00 ",United States,,302121,,
LBRDK,Liberty Broadband Corporation Class C Common Stock,$162.19 ,0.27,0.17%,"$31,483,775,571.00 ",United States,,460259,,
FAST,Fastenal Company Common Stock,$54.18 ,0.89,1.67%,"$31,124,379,713.00 ",United States,1987,3590195,,
ANSS,ANSYS Inc. Common Stock,$355.49 ,4.89,1.40%,"$30,975,807,782.00 ",United States,1996,465356,Technology,Computer Software: Prepackaged Software
ODFL,Old Dominion Freight Line Inc. Common Stock,$264.13 ,-0.62,-0.23%,"$30,629,746,438.00 ",United States,1991,372892,,
LBRDA,Liberty Broadband Corporation Class A Common Stock,$157.10 ,0.57,0.36%,"$30,495,721,945.00 ",United States,,53896,,
TTD,The Trade Desk Inc. Class A Common Stock,$639.14 ,-27.41,-4.11%,"$30,378,663,583.00 ",United States,2016,530449,,
XLNX,Xilinx Inc. Common Stock,$122.03 ,-1.03,-0.84%,"$29,989,984,559.00 ",United States,1990,2474526,,
FITB,Fifth Third Bancorp Common Stock,$41.55 ,0.23,0.56%,"$29,566,813,800.00 ",United States,,3621969,,
IBKR,Interactive Brokers Group Inc. Class A Common Stock,$70.02 ,-0.38,-0.54%,"$29,183,673,751.00 ",United States,2019,819869,,
CPRT,Copart Inc. (DE) Common Stock,$122.61 ,-0.9,-0.73%,"$28,974,823,079.00 ",United States,1994,996884,,
SWKS,Skyworks Solutions Inc. Common Stock,$174.01 ,0.44,0.25%,"$28,727,751,493.00 ",United States,,1924443,,
ZG,Zillow Group Inc. Class A Common Stock,$115.26 ,-8.54,-6.90%,"$28,506,417,284.00 ",United States,2011,1437419,,
Z,Zillow Group Inc. Class C Capital Stock,$113.80 ,-7.65,-6.30%,"$28,145,326,105.00 ",United States,,7732942,,
VRSK,Verisk Analytics Inc. Common Stock,$172.63 ,-15.89,-8.43%,"$28,027,853,254.00 ",United States,2009,2484017,,
VIACA,ViacomCBS Inc. Class A Common Stock,$43.21 ,-0.56,-1.28%,"$27,146,567,259.00 ",United States,,100537,,
NDAQ,Nasdaq Inc. Common Stock,$163.55 ,0.01,0.01%,"$26,840,288,630.00 ",United States,,777933,,
DLTR,Dollar Tree Inc. Common Stock,$114.68 ,-0.15,-0.13%,"$26,836,222,075.00 ",United States,1995,2143486,,
ZBRA,Zebra Technologies Corporation Class A Common Stock,$482.42 ,11.8,2.51%,"$25,809,113,492.00 ",United States,1991,445965,,
RPRX,Royalty Pharma plc Class A Ordinary Shares ,$41.81 ,-0.65,-1.53%,"$25,383,305,475.00 ",United States,2020,1778378,,
MXIM,Maxim Integrated Products Inc. Common Stock,$94.52 ,1.42,1.53%,"$25,365,732,576.00 ",United States,1988,1729186,,
EXPE,Expedia Group Inc. Common Stock,$170.92 ,-2.53,-1.46%,"$25,113,762,893.00 ",United States,,1967471,,
SIRI,Sirius XM Holdings Inc. Common Stock,$6.03 ,0.02,0.33%,"$24,667,319,336.00 ",United States,,22998828,,
VRSN,VeriSign Inc. Common Stock,$218.40 ,-0.82,-0.37%,"$24,595,946,794.00 ",United States,1998,429112,,
VIAC,ViacomCBS Inc. Class B Common Stock,$39.10 ,-0.865,-2.16%,"$24,564,470,720.00 ",United States,,24657250,,
SGEN,Seagen Inc. Common Stock,$135.08 ,-1.11,-0.82%,"$24,513,923,426.00 ",United States,2001,830750,,
NTRS,Northern Trust Corporation Common Stock,$117.42 ,2.1,1.82%,"$24,439,826,863.00 ",United States,,802929,,
PTON,Peloton Interactive Inc. Class A Common Stock,$82.62 ,-14.08,-14.56%,"$24,331,727,562.00 ",United States,2019,84806306,,
DISH,DISH Network Corporation Class A Common Stock,$45.82 ,-0.15,-0.33%,"$24,162,949,091.00 ",United States,1995,4482412,,
CDW,CDW Corporation Common Stock,$171.40 ,-4.9,-2.78%,"$24,085,795,260.00 ",United States,2013,1464544,,
DDOG,Datadog Inc. Class A Common Stock,$76.74 ,-1.12,-1.44%,"$23,662,334,599.00 ",United States,2019,1846538,,
ETSY,Etsy Inc. Common Stock,$184.57 ,-3.88,-2.06%,"$23,458,424,704.00 ",United States,2015,5550972,,
ZS,Zscaler Inc. Common Stock,$172.30 ,-3.18,-1.81%,"$23,422,502,146.00 ",United States,2018,968329,,
TSCO,Tractor Supply Company Common Stock,$194.61 ,0.23,0.12%,"$22,613,791,176.00 ",United States,1994,918115,,
CERN,Cerner Corporation Common Stock,$74.60 ,-0.88,-1.17%,"$22,547,626,200.00 ",United States,1986,5638622,,
DKNG,DraftKings Inc. Class A Common Stock,$56.18 ,0.05,0.09%,"$22,343,066,282.00 ",United States,2019,11477525,,
CZR,Caesars Entertainment Inc. Common Stock,$102.98 ,7.45,7.80%,"$21,481,806,979.00 ",United States,,6277252,,
FOXA,Fox Corporation Class A Common Stock,$36.34 ,-0.4,-1.09%,"$21,460,340,687.00 ",United States,,2993576,,
WDC,Western Digital Corporation Common Stock,$68.58 ,1.3,1.93%,"$20,992,144,536.00 ",United States,,3359311,,
FOX,Fox Corporation Class B Common Stock,$35.54 ,-0.26,-0.73%,"$20,987,906,110.00 ",United States,,1024189,,
APP,Applovin Corporation Class A Common Stock,$58.18 ,-0.37,-0.63%,"$20,825,839,878.00 ",United States,2021,645052,Technology,EDP Services
IAC,IAC/InterActiveCorp Common Stock,$232.81 ,-7.23,-3.01%,"$20,750,295,235.00 ",United States,,664153,,
TER,Teradyne Inc. Common Stock,$124.52 ,1.53,1.24%,"$20,740,672,306.00 ",United States,,1160907,,
QRVO,Qorvo Inc. Common Stock,$182.56 ,0.15,0.08%,"$20,677,239,790.00 ",United States,,1522993,,
TRMB,Trimble Inc. Common Stock,$81.11 ,1.18,1.48%,"$20,386,404,126.00 ",United States,1990,1622292,,
TXG,10x Genomics Inc. Class A Common Stock,$182.90 ,-2,-1.08%,"$19,890,869,196.00 ",United States,2019,710281,,
TTWO,Take-Two Interactive Software Inc. Common Stock,$167.47 ,-0.06,-0.04%,"$19,288,801,046.00 ",United States,1997,1084047,,
EXPD,Expeditors International of Washington Inc. Common Stock,$113.48 ,-0.34,-0.30%,"$19,143,393,872.00 ",United States,,1841731,,
SPLK,Splunk Inc. Common Stock,$116.84 ,-3.01,-2.51%,"$19,142,961,963.00 ",United States,2012,2804660,,
TW,Tradeweb Markets Inc. Class A Common Stock,$82.14 ,0.85,1.05%,"$19,024,729,604.00 ",United States,2019,858245,,
LOGI,Logitech International S.A. Ordinary Shares,$112.81 ,1.54,1.38%,"$18,986,712,670.00 ",United States,1997,522513,,
CINF,Cincinnati Financial Corporation Common Stock,$117.68 ,1.38,1.19%,"$18,957,851,654.00 ",United States,,883629,,
EXAS,Exact Sciences Corporation Common Stock,$110.65 ,-5.37,-4.63%,"$18,710,158,375.00 ",United States,2001,2441491,,
SSNC,SS&C Technologies Holdings Inc. Common Stock,$72.82 ,-0.39,-0.53%,"$18,618,574,272.00 ",United States,2010,1243901,,
DISCA,Discovery Inc. Series A Common Stock,$36.66 ,0.14,0.38%,"$18,524,761,969.00 ",United States,,5164748,,
WMG,Warner Music Group Corp. Class A Common Stock,$35.68 ,-0.41,-1.14%,"$18,352,085,426.00 ",United States,2020,1181902,,
JBHT,J.B. Hunt Transport Services Inc. Common Stock,$173.65 ,-2.92,-1.65%,"$18,349,769,150.00 ",United States,,679773,,
ZI,ZoomInfo Technologies Inc. Class A Common Stock,$46.50 ,-1.92,-3.97%,"$18,190,869,425.00 ",United States,2020,1932991,,
XM,Qualtrics International Inc. Class A Common Stock,$35.44 ,-1.58,-4.27%,"$18,161,318,939.00 ",United States,2021,1440775,,
INCY,Incyte Corp. Common Stock,$81.28 ,0.25,0.31%,"$17,871,593,782.00 ",United States,,1666053,,
PFG,Principal Financial Group Inc Common Stock,$65.69 ,1.03,1.59%,"$17,868,496,592.00 ",United States,2001,1424575,,
POOL,Pool Corporation Common Stock,$441.56 ,10.41,2.41%,"$17,731,327,516.00 ",United States,1995,332513,,
AKAM,Akamai Technologies Inc. Common Stock,$108.51 ,3.32,3.16%,"$17,715,569,169.00 ",United States,1999,2916567,Miscellaneous,Business Services
ULTA,Ulta Beauty Inc. Common Stock,$318.94 ,-1.87,-0.58%,"$17,665,687,925.00 ",United States,2007,461037,,
PODD,Insulet Corporation Common Stock,$264.45 ,-7.51,-2.76%,"$17,510,205,032.00 ",United States,2007,506368,,
LSXMB,Liberty Media Corporation Series B Liberty SiriusXM Common Stock,$46.49 ,0,0.00%,"$17,508,186,766.00 ",United States,,68,Consumer Services,Movies/Entertainment
COUP,Coupa Software Incorporated Common Stock,$238.06 ,-7.47,-3.04%,"$17,473,826,110.00 ",United States,2016,1010389,,
MKTX,MarketAxess Holdings Inc. Common Stock,$456.62 ,-17.38,-3.67%,"$17,343,657,734.00 ",United States,2004,362760,,
LYFT,Lyft Inc. Class A Common Stock,$52.63 ,-3.56,-6.34%,"$17,333,592,187.00 ",United States,2019,25039742,,
UAL,United Airlines Holdings Inc. Common Stock,$53.27 ,0.47,0.89%,"$17,237,013,591.00 ",United States,,11146605,,
ENPH,Enphase Energy Inc. Common Stock,$126.88 ,-0.95,-0.74%,"$17,217,475,036.00 ",United States,2012,3437131,,
NTAP,NetApp Inc. Common Stock,$76.57 ,1.185,1.57%,"$17,043,456,820.00 ",United States,1995,1223242,,
HOLX,Hologic Inc. Common Stock,$65.50 ,-0.42,-0.64%,"$16,783,263,269.00 ",United States,1990,2199202,,
MDB,MongoDB Inc. Class A Common Stock,$271.99 ,-8.37,-2.99%,"$16,642,097,368.00 ",United States,2017,524129,,
VTRS,Viatris Inc. Common Stock,$13.64 ,0.24,1.79%,"$16,485,896,126.00 ",United States,,12021825,,
LSXMK,Liberty Media Corporation Series C Liberty SiriusXM Common Stock,$43.25 ,-0.44,-1.01%,"$16,287,999,089.00 ",United States,,509804,Consumer Services,Movies/Entertainment
LSXMA,Liberty Media Corporation Series A Liberty SiriusXM Common Stock,$43.24 ,-0.37,-0.85%,"$16,284,233,077.00 ",United States,,579459,Consumer Services,Movies/Entertainment
DISCK,Discovery Inc. Series C Common Stock,$32.23 ,0.335,1.05%,"$16,283,700,340.00 ",United States,,4561928,,
PPD,PPD Inc. Common Stock,$46.16 ,0.05,0.11%,"$16,199,846,922.00 ",United States,2020,4585209,,
TECH,Bio-Techne Corp Common Stock,$416.80 ,-1.42,-0.34%,"$16,171,354,011.00 ",United States,,233215,,
HBAN,Huntington Bancshares Incorporated Common Stock,$15.55 ,0.07,0.45%,"$15,830,722,953.00 ",United States,,7237483,,
ON,ON Semiconductor Corporation Common Stock,$37.55 ,0.3,0.81%,"$15,698,789,435.00 ",United States,,6034378,,
CG,The Carlyle Group Inc. Common Stock,$44.14 ,1.04,2.41%,"$15,650,835,094.00 ",United States,2012,1153516,,
ALNY,Alnylam Pharmaceuticals Inc. Common Stock,$132.67 ,1.1,0.84%,"$15,594,700,457.00 ",United States,2004,613514,Health Care,Major Pharmaceuticals
NWSA,News Corporation Class A Common Stock,$26.12 ,0.61,2.39%,"$15,429,688,103.00 ",United States,,3213172,,
MPWR,Monolithic Power Systems Inc. Common Stock,$337.82 ,3.7,1.11%,"$15,411,686,220.00 ",United States,2004,510040,,
PTC,PTC Inc. Common Stock,$130.90 ,0.91,0.70%,"$15,290,483,716.00 ",United States,,769913,,
NUAN,Nuance Communications Inc. Common Stock,$53.19 ,0.29,0.55%,"$15,186,063,874.00 ",United States,,8444373,,
FANG,Diamondback Energy Inc. Commmon Stock,$83.12 ,3.92,4.95%,"$15,043,202,229.00 ",United States,2012,4664235,,
ENTG,Entegris Inc. Common Stock,$110.70 ,1.81,1.66%,"$14,999,959,814.00 ",United States,2000,661273,,
AFRM,Affirm Holdings Inc. Class A Common Stock,$57.60 ,-4.57,-7.35%,"$14,826,669,178.00 ",United States,2021,4966496,Technology,EDP Services
CTXS,Citrix Systems Inc. Common Stock,$119.18 ,-0.02,-0.02%,"$14,797,879,226.00 ",United States,1995,964054,,
SBNY,Signature Bank Common Stock,$256.76 ,2.96,1.17%,"$14,795,772,148.00 ",United States,2004,457625,,
WYNN,Wynn Resorts Limited Common stock,$127.81 ,3.46,2.78%,"$14,779,994,156.00 ",United States,2002,2340421,,
XRAY,DENTSPLY SIRONA Inc. Common Stock,$67.59 ,-1.36,-1.97%,"$14,747,424,317.00 ",United States,1987,3201906,,
LKQ,LKQ Corporation Common Stock,$48.64 ,0.465,0.97%,"$14,707,280,302.00 ",United States,,2071418,,
GDRX,GoodRx Holdings Inc. Class A Common Stock,$36.70 ,-1.38,-3.62%,"$14,391,283,853.00 ",United States,2020,1036734,,
PLUG,Plug Power Inc. Common Stock,$24.29 ,-0.31,-1.26%,"$14,323,415,130.00 ",United States,1999,29220198,,
PENN,Penn National Gaming Inc. Common Stock,$91.41 ,1.75,1.95%,"$14,312,173,026.00 ",United States,1994,4527870,,
NWS,News Corporation Class B Common Stock,$24.06 ,0.49,2.08%,"$14,212,798,460.00 ",United States,,516804,,
BMRN,BioMarin Pharmaceutical Inc. Common Stock,$77.68 ,-0.67,-0.86%,"$14,195,443,071.00 ",United States,1999,867228,Health Care,Major Pharmaceuticals
CGNX,Cognex Corporation Common Stock,$79.88 ,-0.95,-1.18%,"$14,107,573,410.00 ",United States,1989,1104737,,
GH,Guardant Health Inc. Common Stock,$139.73 ,-8.46,-5.71%,"$14,032,648,501.00 ",United States,2018,1024733,,
LNT,Alliant Energy Corporation Common Stock,$55.61 ,-0.925,-1.64%,"$13,909,737,363.00 ",United States,,1264797,,
IEP,Icahn Enterprises L.P. Common Stock,$57.55 ,0,0.00%,"$13,889,049,954.00 ",United States,,144410,,
BSY,Bentley Systems Incorporated Class B Common Stock,$50.29 ,-0.38,-0.75%,"$13,859,915,199.00 ",United States,2020,714046,Technology,Retail: Computer Software & Peripheral Equipment
AAL,American Airlines Group Inc. Common Stock,$21.57 ,0.15,0.70%,"$13,834,633,963.00 ",United States,,27919202,Transportation,Air Freight/Delivery Services
HAS,Hasbro Inc. Common Stock,$99.38 ,1.18,1.20%,"$13,671,569,157.00 ",United States,,534381,,
ABMD,ABIOMED Inc. Common Stock,$300.79 ,-4.21,-1.38%,"$13,617,048,449.00 ",United States,,191577,Health Care,Medical/Dental Instruments
CHRW,C.H. Robinson Worldwide Inc. Common Stock,$98.87 ,-0.43,-0.43%,"$13,148,589,803.00 ",United States,1997,895348,,
NVAX,Novavax Inc. Common Stock,$171.74 ,-8.93,-4.94%,"$12,684,524,395.00 ",United States,,6608504,,
STLD,Steel Dynamics Inc.,$59.96 ,0.55,0.93%,"$12,664,688,602.00 ",United States,1996,2662297,,
LPLA,LPL Financial Holdings Inc. Common Stock,$156.38 ,1.26,0.81%,"$12,494,814,856.00 ",United States,2010,346960,,
HST,Host Hotels & Resorts Inc. Common Stock,$17.53 ,-0.04,-0.23%,"$12,365,040,544.00 ",United States,,11792719,,
NLOK,NortonLifeLock Inc. Common Stock,$21.24 ,-0.22,-1.03%,"$12,359,569,764.00 ",United States,,6452261,,
MASI,Masimo Corporation Common Stock,$221.33 ,-2.15,-0.96%,"$12,173,245,615.00 ",United States,2007,453956,,
NDSN,Nordson Corporation Common Stock,$208.50 ,-2.8,-1.33%,"$12,110,859,485.00 ",United States,,188234,,
NWL,Newell Brands Inc. Common Stock,$28.35 ,0.29,1.03%,"$12,057,255,000.00 ",United States,,2008509,,
JKHY,Jack Henry & Associates Inc. Common Stock,$157.82 ,-0.75,-0.47%,"$12,006,514,594.00 ",United States,1985,740850,,
UHAL,Amerco Common Stock,$603.98 ,7.86,1.32%,"$11,842,711,796.00 ",United States,,65829,,
FIVN,Five9 Inc. Common Stock,$171.04 ,-1.26,-0.73%,"$11,467,040,364.00 ",United States,2014,394586,,
MORN,Morningstar Inc. Common Stock,$263.80 ,0.02,0.01%,"$11,329,145,039.00 ",United States,2005,107659,,
HSIC,Henry Schein Inc. Common Stock,$78.91 ,-0.96,-1.20%,"$11,226,406,704.00 ",United States,1995,1776175,,
FIVE,Five Below Inc. Common Stock,$197.55 ,1.58,0.81%,"$11,055,522,456.00 ",United States,2012,516149,,
ERIE,Erie Indemnity Company Class A Common Stock,$211.40 ,-1.22,-0.57%,"$11,054,078,095.00 ",United States,,45888,,
EWBC,East West Bancorp Inc. Common Stock,$77.89 ,0.78,1.01%,"$11,048,118,089.00 ",United States,,991609,,
ZNGA,Zynga Inc. Class A Common Stock,$10.14 ,-0.05,-0.49%,"$11,002,080,563.00 ",United States,2011,21963143,,
PRAH,PRA Health Sciences Inc. Common Stock,$169.38 ,1.34,0.80%,"$10,932,457,300.00 ",United States,2014,487707,,
OPEN,Opendoor Technologies Inc Common Stock,$18.92 ,-0.395,-2.05%,"$10,921,146,533.00 ",United States,,6419209,,
CREE,Cree Inc. Common Stock,$94.09 ,-0.16,-0.17%,"$10,864,644,843.00 ",United States,1993,960586,,
FFIV,F5 Networks Inc. Common Stock,$180.71 ,-0.52,-0.29%,"$10,851,996,920.00 ",United States,1999,542739,,
GLPI,Gaming and Leisure Properties Inc. Common Stock,$46.21 ,-0.49,-1.05%,"$10,756,804,973.00 ",United States,,1355717,,
RGEN,Repligen Corporation Common Stock,$194.81 ,0.14,0.07%,"$10,694,921,334.00 ",United States,1986,414150,,
REG,Regency Centers Corporation Common Stock,$62.54 ,-0.89,-1.40%,"$10,621,102,846.00 ",United States,1993,1259558,,
FWONK,Liberty Media Corporation Series C Liberty Formula One Common Stock,$45.76 ,-0.37,-0.80%,"$10,608,125,345.00 ",United States,,337770,Consumer Services,Movies/Entertainment
BRKR,Bruker Corporation Common Stock,$69.01 ,0.47,0.69%,"$10,457,791,962.00 ",United States,,492792,Capital Goods,Biotechnology: Laboratory Analytical Instruments
OLED,Universal Display Corporation Common Stock,$220.00 ,-1.49,-0.67%,"$10,367,943,080.00 ",United States,,160416,,
LAMR,Lamar Advertising Company Class A Common Stock,$100.66 ,-1.95,-1.90%,"$10,175,859,619.00 ",United States,1996,505504,,
IPGP,IPG Photonics Corporation Common Stock,$189.65 ,0.16,0.08%,"$10,172,538,870.00 ",United States,2006,687162,,
BLDR,Builders FirstSource Inc. Common Stock,$49.06 ,0.25,0.51%,"$10,127,538,270.00 ",United States,2005,2403916,Consumer Services,RETAIL: Building Materials
DBX,Dropbox Inc. Class A Common Stock,$24.86 ,-0.16,-0.64%,"$10,015,070,265.00 ",United States,2018,7579635,,
